{
	"credit": "Made with Blockbench",
	"textures": {
		"0": "item/gear/toyhammer",
		"1": "item/gear/starham",
		"particle": "item/gear/toyhammer"
	},
	"elements": [
		{
			"from": [6.5, 0, 6.5],
			"to": [9.5, 3, 9.5],
			"faces": {
				"north": {"uv": [9, 13, 12, 16], "texture": "#0"},
				"east": {"uv": [6, 13, 9, 16], "texture": "#0"},
				"south": {"uv": [3, 13, 6, 16], "texture": "#0"},
				"west": {"uv": [6, 13, 9, 16], "texture": "#0"},
				"up": {"uv": [12, 13, 15, 16], "texture": "#0"},
				"down": {"uv": [0, 13, 3, 16], "texture": "#0"}
			}
		},
		{
			"from": [7, 3, 7],
			"to": [9, 15, 9],
			"faces": {
				"north": {"uv": [6, 0, 8, 12], "texture": "#0"},
				"east": {"uv": [12, 0, 14, 12], "texture": "#0"},
				"south": {"uv": [10, 0, 12, 12], "texture": "#0"},
				"west": {"uv": [10, 12, 8, 0], "texture": "#0"},
				"up": {"uv": [14, 0, 16, 2], "texture": "#0"},
				"down": {"uv": [14, 2, 16, 4], "texture": "#0"}
			}
		},
		{
			"from": [6.5, 15, 6.5],
			"to": [9.5, 16, 9.5],
			"faces": {
				"north": {"uv": [9, 13, 12, 12], "texture": "#0"},
				"east": {"uv": [6, 12, 9, 13], "texture": "#0"},
				"south": {"uv": [3, 12, 6, 13], "texture": "#0"},
				"west": {"uv": [0, 12, 3, 13], "texture": "#0"},
				"up": {"uv": [14, 14, 16, 16], "texture": "#0"},
				"down": {"uv": [12, 14, 14, 16], "texture": "#0"}
			}
		},
		{
			"from": [7.5, 16, 5],
			"to": [8.5, 22, 11],
			"faces": {
				"north": {"uv": [8, 3, 9, 9], "texture": "#0"},
				"east": {"uv": [6, 4, 9, 7], "texture": "#0"},
				"south": {"uv": [9, 3, 10, 9], "texture": "#0"},
				"west": {"uv": [6, 4, 9, 7], "texture": "#0"},
				"up": {"uv": [10, 3, 11, 9], "texture": "#0"},
				"down": {"uv": [11, 3, 12, 9], "texture": "#0"}
			}
		},
		{
			"from": [1.5, 16, 5.5],
			"to": [7.5, 23, 10.5],
			"faces": {
				"north": {"uv": [6, 3, 0, 10], "texture": "#0"},
				"east": {"uv": [5, 0, 6, 1], "texture": "#0"},
				"south": {"uv": [0, 5, 6, 12], "texture": "#0"},
				"west": {"uv": [0, 0, 5, 7], "texture": "#1"},
				"up": {"uv": [0, 7, 6, 12], "texture": "#0"},
				"down": {"uv": [0, 0, 6, 5], "texture": "#0"}
			}
		},
		{
			"from": [1.5, 17, 10.5],
			"to": [7.5, 22, 11.5],
			"faces": {
				"north": {"uv": [0, 4, 6, 9], "texture": "#0"},
				"east": {"uv": [5, 1, 6, 6], "texture": "#0"},
				"south": {"uv": [0, 6, 6, 11], "texture": "#0"},
				"west": {"uv": [3, 6, 4, 11], "texture": "#0"},
				"up": {"uv": [0, 0, 6, 1], "texture": "#0"},
				"down": {"uv": [0, 3, 6, 4], "texture": "#0"}
			}
		},
		{
			"from": [1.5, 17, 4.5],
			"to": [7.5, 22, 5.5],
			"faces": {
				"north": {"uv": [6, 6, 0, 11], "texture": "#0"},
				"east": {"uv": [5, 1, 6, 6], "texture": "#0"},
				"south": {"uv": [0, 6, 6, 11], "texture": "#0"},
				"west": {"uv": [4, 3, 5, 8], "texture": "#0"},
				"up": {"uv": [0, 4, 6, 5], "texture": "#0"},
				"down": {"uv": [0, 5, 6, 6], "texture": "#0"}
			}
		},
		{
			"from": [8.5, 17, 4.5],
			"to": [14.5, 22, 5.5],
			"faces": {
				"north": {"uv": [0, 6, 6, 11], "texture": "#0"},
				"east": {"uv": [3, 4, 4, 9], "texture": "#0"},
				"south": {"uv": [0, 2, 6, 7], "texture": "#0"},
				"west": {"uv": [5, 5, 6, 10], "texture": "#0"},
				"up": {"uv": [6, 11, 0, 12], "texture": "#0"},
				"down": {"uv": [6, 5, 0, 6], "texture": "#0"}
			}
		},
		{
			"from": [8.5, 17, 10.5],
			"to": [14.5, 22, 11.5],
			"faces": {
				"north": {"uv": [0, 7, 6, 12], "texture": "#0"},
				"east": {"uv": [0, 0, 0.5, 2.5], "texture": "#0"},
				"south": {"uv": [6, 7, 0, 12], "texture": "#0"},
				"west": {"uv": [5, 1, 6, 6], "texture": "#0"},
				"up": {"uv": [6, 0, 0, 1], "texture": "#0"},
				"down": {"uv": [6, 6, 0, 7], "texture": "#0"}
			}
		},
		{
			"from": [8.5, 16, 5.5],
			"to": [14.5, 23, 10.5],
			"faces": {
				"north": {"uv": [0, 0, 6, 7], "texture": "#0"},
				"east": {"uv": [5, 0, 10, 7], "texture": "#1"},
				"south": {"uv": [6, 0, 0, 7], "texture": "#0"},
				"west": {"uv": [5, 2, 6, 3], "texture": "#0"},
				"up": {"uv": [6, 7, 0, 12], "texture": "#0"},
				"down": {"uv": [6, 2, 0, 7], "texture": "#0"}
			}
		}
	],
	"display": {
		"thirdperson_righthand": {
			"rotation": [-180, -90, -180],
			"translation": [0, 0, 2.25]
		},
		"thirdperson_lefthand": {
			"rotation": [-180, -90, -180],
			"translation": [0, 0, 2.25]
		},
		"firstperson_righthand": {
			"rotation": [180, -99, 180],
			"translation": [-1, 0.25, 3.75],
			"scale": [0.3, 0.5, 0.5]
		},
		"firstperson_lefthand": {
			"rotation": [180, -99, 180],
			"translation": [-1, 0.25, 3.75],
			"scale": [0.3, 0.5, 0.5]
		},
		"ground": {
			"rotation": [40.12, 3.09, 63.79],
			"translation": [3.5, 0.25, -1.25]
		},
		"gui": {
			"rotation": [0, 0, -45.75],
			"translation": [-3.25, -3.25, 0],
			"scale": [0.75, 0.75, 0.75]
		},
		"fixed": {
			"rotation": [0, 0, 45],
			"translation": [3.75, -3.75, 0]
		}
	}
}