{
	"credit": "Made with Blockbench",
	"textures": {
		"1": "item/gear/roller",
		"particle": "item/gear/roller"
	},
	"elements": [
		{
			"from": [7.5, 0, 7.5],
			"to": [8.5, 10, 8.5],
			"rotation": {"angle": 0, "axis": "y", "origin": [15.5, 8, 15.5]},
			"faces": {
				"north": {"uv": [0.5, 4.5, 1, 9.5], "texture": "#1"},
				"east": {"uv": [0, 4.5, 0.5, 9.5], "texture": "#1"},
				"south": {"uv": [1.5, 4.5, 2, 9.5], "texture": "#1"},
				"west": {"uv": [1, 4.5, 1.5, 9.5], "texture": "#1"},
				"up": {"uv": [1, 4.5, 0.5, 4], "texture": "#1"},
				"down": {"uv": [1.5, 4, 1, 4.5], "texture": "#1"}
			}
		},
		{
			"from": [7.5, 10, 7.5],
			"to": [15.5, 11, 8.5],
			"rotation": {"angle": 0, "axis": "y", "origin": [15.5, 8, 15.5]},
			"faces": {
				"north": {"uv": [0.5, 3.5, 4.5, 4], "texture": "#1"},
				"east": {"uv": [0, 3.5, 0.5, 4], "texture": "#1"},
				"south": {"uv": [5, 3.5, 9, 4], "texture": "#1"},
				"west": {"uv": [4.5, 3.5, 5, 4], "texture": "#1"},
				"up": {"uv": [4.5, 3.5, 0.5, 3], "texture": "#1"},
				"down": {"uv": [8.5, 3, 4.5, 3.5], "texture": "#1"}
			}
		},
		{
			"from": [14.5, 11, 7.5],
			"to": [15.5, 15, 8.5],
			"rotation": {"angle": 0, "axis": "y", "origin": [15.5, 8, 15.5]},
			"faces": {
				"north": {"uv": [6.5, 6.5, 7, 8.5], "texture": "#1"},
				"east": {"uv": [6, 6.5, 6.5, 8.5], "texture": "#1"},
				"south": {"uv": [7.5, 6.5, 8, 8.5], "texture": "#1"},
				"west": {"uv": [7, 6.5, 7.5, 8.5], "texture": "#1"},
				"up": {"uv": [7, 6.5, 6.5, 6], "texture": "#1"},
				"down": {"uv": [7.5, 6, 7, 6.5], "texture": "#1"}
			}
		},
		{
			"from": [1.5, 13, 6.5],
			"to": [14.5, 16, 9.5],
			"rotation": {"angle": 22.5, "axis": "x", "origin": [15.5, 14.5, 8]},
			"faces": {
				"north": {"uv": [8, 1.5, 1.5, 0], "rotation": 180, "texture": "#1"},
				"east": {"uv": [0, 1.5, 1.5, 3], "rotation": 90, "texture": "#1"},
				"south": {"uv": [14.5, 0, 8, 1.5], "texture": "#1"},
				"west": {"uv": [8, 1.5, 9.5, 3], "rotation": 270, "texture": "#1"},
				"up": {"uv": [9.5, 1.5, 16, 3], "texture": "#1"},
				"down": {"uv": [1.5, 1.5, 8, 3], "rotation": 180, "texture": "#1"}
			}
		},
		{
			"from": [0.5, 14, 7.5],
			"to": [1.5, 15, 8.5],
			"rotation": {"angle": 0, "axis": "y", "origin": [15.5, 8, 15.5]},
			"faces": {
				"north": {"uv": [6.5, 5.5, 7, 6], "texture": "#1"},
				"east": {"uv": [6, 5.5, 6.5, 6], "texture": "#1"},
				"south": {"uv": [7.5, 5.5, 8, 6], "texture": "#1"},
				"west": {"uv": [7, 5.5, 7.5, 6], "texture": "#1"},
				"up": {"uv": [7, 5.5, 6.5, 5], "texture": "#1"},
				"down": {"uv": [7.5, 5, 7, 5.5], "texture": "#1"}
			}
		},
		{
			"from": [6.5, 9, 7.5],
			"to": [7.5, 11, 8.5],
			"rotation": {"angle": 0, "axis": "y", "origin": [15.5, 8, 15.5]},
			"faces": {
				"north": {"uv": [2.5, 7.5, 3, 8.5], "texture": "#1"},
				"east": {"uv": [2, 7.5, 2.5, 8.5], "texture": "#1"},
				"south": {"uv": [3.5, 7.5, 4, 8.5], "texture": "#1"},
				"west": {"uv": [3, 7.5, 3.5, 8.5], "texture": "#1"},
				"up": {"uv": [3, 7.5, 2.5, 7], "texture": "#1"},
				"down": {"uv": [3.5, 7, 3, 7.5], "texture": "#1"}
			}
		},
		{
			"from": [7, 1, 7],
			"to": [9, 8, 9],
			"rotation": {"angle": 0, "axis": "y", "origin": [15.5, 8, 15.5]},
			"faces": {
				"north": {"uv": [3, 5, 4, 7], "texture": "#1"},
				"east": {"uv": [2, 5, 3, 7], "texture": "#1"},
				"south": {"uv": [5, 5, 6, 7], "texture": "#1"},
				"west": {"uv": [4, 5, 5, 7], "texture": "#1"},
				"up": {"uv": [4, 5, 3, 4], "texture": "#1"},
				"down": {"uv": [5, 4, 4, 5], "texture": "#1"}
			}
		},
		{
			"from": [1.5, 14, 9],
			"to": [14.5, 14, 14],
			"rotation": {"angle": 22.5, "axis": "x", "origin": [0, 13, 9]},
			"faces": {
				"north": {"uv": [0, 0, 13, 0], "rotation": 180, "texture": "#missing"},
				"east": {"uv": [0, 0, 0, 5], "rotation": 90, "texture": "#missing"},
				"south": {"uv": [0, 0, 13, 0], "texture": "#missing"},
				"west": {"uv": [0, 0, 0, 5], "rotation": 270, "texture": "#missing"},
				"up": {"uv": [8.5, 4.5, 15, 7], "texture": "#1"},
				"down": {"uv": [8.5, 4.5, 15, 7], "rotation": 180, "texture": "#1"}
			}
		}
	],
	"display": {
		"thirdperson_righthand": {
			"rotation": [-60, 180, 0],
			"translation": [0, 2.25, -4],
			"scale": [1.2, 1.2, 1.2]
		},
		"thirdperson_lefthand": {
			"rotation": [-60, 0, 0],
			"translation": [0, 2.25, -4],
			"scale": [1.2, 1.2, 1.2]
		},
		"firstperson_righthand": {
			"rotation": [-53, -180, 0],
			"translation": [4, 0.5, 0]
		},
		"firstperson_lefthand": {
			"rotation": [-49, 0, 0],
			"translation": [4, 0, 0]
		},
		"ground": {
			"rotation": [0, 0, 46],
			"scale": [0.8, 0.8, 0.8]
		},
		"gui": {
			"rotation": [0, 180, 46],
			"translation": [-1.75, -1.75, 0],
			"scale": [0.9, 0.9, 0.9]
		},
		"head": {
			"translation": [0, 14.5, 0]
		},
		"fixed": {
			"rotation": [0, 0, 42],
			"translation": [2.25, -1.75, 0]
		}
	}
}