{
  "parent": "minecraft:item/generated",
  "textures": {
    "layer0": "minecraft:item/iron_nugget"
  },
	"overrides": [
		{ "predicate": { "custom_model_data": 1}, "model": "item/iron_nugget/dirthole" },
		{ "predicate": { "custom_model_data": 2}, "model": "item/iron_nugget/schatzoeker" },
		{ "predicate": { "custom_model_data": 3}, "model": "item/iron_nugget/art" },
		{ "predicate": { "custom_model_data": 4}, "model": "item/iron_nugget/newhome" },
		{ "predicate": { "custom_model_data": 5}, "model": "item/iron_nugget/aboveground" },
		{ "predicate": { "custom_model_data": 6}, "model": "item/iron_nugget/puzzler" },
		{ "predicate": { "custom_model_data": 7}, "model": "item/iron_nugget/banana" },
		{ "predicate": { "custom_model_data": 8}, "model": "item/iron_nugget/cat" },
		{ "predicate": { "custom_model_data": 9}, "model": "item/iron_nugget/fish" },
		{ "predicate": { "custom_model_data": 10}, "model": "item/iron_nugget/flower" },
		{ "predicate": { "custom_model_data": 11}, "model": "item/iron_nugget/halloween" },
		{ "predicate": { "custom_model_data": 12}, "model": "item/iron_nugget/orb" },
		{ "predicate": { "custom_model_data": 13}, "model": "item/iron_nugget/potato" },
		{ "predicate": { "custom_model_data": 14}, "model": "item/iron_nugget/pumpking" },
		{ "predicate": { "custom_model_data": 15}, "model": "item/iron_nugget/vlieger" }
	]
}