{
    "parent": "item/generated",
    "textures": {
        "layer0": "item/jigsaw"
    },
	"overrides": [
		{ "predicate": { "custom_model_data": 1}, "model": "item/jigsaw/b_dirt" },
		{ "predicate": { "custom_model_data": 2}, "model": "item/jigsaw/b_stone" },
		{ "predicate": { "custom_model_data": 3}, "model": "item/jigsaw/b_iron" },
		{ "predicate": { "custom_model_data": 4}, "model": "item/jigsaw/b_gold" },
		{ "predicate": { "custom_model_data": 5}, "model": "item/jigsaw/b_diamond" },
		{ "predicate": { "custom_model_data": 6}, "model": "item/jigsaw/b_emerald" }
	]
}