{
  "parent": "minecraft:item/generated",
  "textures": {
    "layer0": "minecraft:item/iron_nugget"
  },
	"overrides": [
		{ "predicate": { "custom_model_data": 1}, "model": "item/iron_nugget/dirthole" },
		{ "predicate": { "custom_model_data": 2}, "model": "item/iron_nugget/schatzoeker" },
		{ "predicate": { "custom_model_data": 3}, "model": "item/iron_nugget/art" },
		{ "predicate": { "custom_model_data": 4}, "model": "item/iron_nugget/newhome" },
		{ "predicate": { "custom_model_data": 5}, "model": "item/iron_nugget/aboveground" },
		{ "predicate": { "custom_model_data": 6}, "model": "item/iron_nugget/puzzler" }
	]
}