{
	"providers": [
		{
			"type": "ttf",
			"file": "minecraft:negative_spaces.ttf",
			"shift": [0.0, 0.0],
			"size": 10.0,
			"oversample": 1.0
		},
		{
			"type": "bitmap",
			"file": "minecraft:gui/container/brewing_guide_left.png",
			"ascent": 13,
			"height": 166,
			"chars": [
				"\uEff1"
			]
		},
		{
			"type": "bitmap",
			"file": "minecraft:gui/container/brewing_guide_right.png",
			"ascent": 27,
			"height": 193,
			"chars": [
				"\uEff2"
			]
		},
		{
			"type": "bitmap",
			"file": "minecraft:misc/hunger_half.png",
			"ascent": 8,
			"height": 16,
			"chars": [
				"\uEff3"
			]
		},
		{
			"type": "bitmap",
			"file": "minecraft:misc/hunger_full.png",
			"ascent": 8,
			"height": 16,
			"chars": [
				"\uEff4"
			]
		},
		{
			"type": "bitmap",
			"file": "minecraft:misc/hunger_half.png",
			"ascent": 8,
			"height": 16,
			"chars": [
				"\uEff3"
			]
		},
		{
			"type": "bitmap",
			"file": "minecraft:misc/hunger_full.png",
			"ascent": 8,
			"height": 16,
			"chars": [
				"\uEff4"
			]
		}
	]
}
