{
	"credit": "Made with Blockbench",
	"texture_size": [64, 64],
	"textures": {
		"0": "item/gear/athens",
		"particle": "item/gear/athens"
	},
	"elements": [
		{
			"from": [12, 0, 15],
			"to": [15, 15, 16],
			"faces": {
				"north": {"uv": [2, 5.5, 2.75, 9.25], "texture": "#0"},
				"east": {"uv": [11.5, 0.5, 11.75, 4.25], "texture": "#0"},
				"south": {"uv": [5.25, 0.5, 6, 4.25], "texture": "#0"},
				"west": {"uv": [13.75, 5.5, 14, 9.25], "texture": "#0"},
				"up": {"uv": [10, 9.5, 10.75, 9.75], "texture": "#0"},
				"down": {"uv": [5.25, 4, 6, 4.25], "texture": "#0"}
			}
		},
		{
			"from": [9, 1, 15],
			"to": [12, 15, 16],
			"faces": {
				"north": {"uv": [3.75, 5.5, 4.5, 9], "texture": "#0"},
				"east": {"uv": [0, 0, 0.25, 3.5], "texture": "#missing"},
				"south": {"uv": [4.5, 0.5, 5.25, 4], "texture": "#0"},
				"west": {"uv": [13, 5.75, 13.25, 9.25], "texture": "#0"},
				"up": {"uv": [9.25, 9.5, 10, 9.75], "texture": "#0"},
				"down": {"uv": [4.5, 3.75, 5.25, 4], "texture": "#0"}
			}
		},
		{
			"from": [4, 2, 15],
			"to": [9, 15, 16],
			"faces": {
				"north": {"uv": [4.5, 5.5, 5.75, 8.75], "texture": "#0"},
				"east": {"uv": [0, 0, 0.25, 3.25], "texture": "#missing"},
				"south": {"uv": [3.25, 0.5, 4.5, 3.75], "texture": "#0"},
				"west": {"uv": [0, 0, 1, 12.5], "texture": "#missing"},
				"up": {"uv": [8, 9.5, 9.25, 9.75], "texture": "#0"},
				"down": {"uv": [3.25, 3.5, 4.5, 3.75], "texture": "#0"}
			}
		},
		{
			"from": [1, 1, 15],
			"to": [4, 15, 16],
			"faces": {
				"north": {"uv": [5.75, 5.5, 6.5, 9], "texture": "#0"},
				"east": {"uv": [13, 5.5, 13.25, 9], "texture": "#0"},
				"south": {"uv": [2.5, 0.5, 3.25, 4], "texture": "#0"},
				"west": {"uv": [15.25, 5.75, 15.5, 9.25], "texture": "#0"},
				"up": {"uv": [7.25, 9.75, 8, 10], "texture": "#0"},
				"down": {"uv": [2.5, 3.75, 3.25, 4], "texture": "#0"}
			}
		},
		{
			"from": [12, 0, 0],
			"to": [15, 15, 1],
			"faces": {
				"north": {"uv": [7.25, 0.5, 8, 4.25], "texture": "#0"},
				"east": {"uv": [15.25, 0.5, 15.5, 4.25], "texture": "#0"},
				"south": {"uv": [5, 5.5, 5.75, 9.25], "texture": "#0"},
				"west": {"uv": [13, 5.5, 13.25, 9.25], "texture": "#0"},
				"up": {"uv": [10, 5.75, 10.75, 6], "texture": "#0"},
				"down": {"uv": [7.25, 4, 8, 4.25], "texture": "#0"}
			}
		},
		{
			"from": [10, 10.99, -1],
			"to": [16, 14.99, 1],
			"faces": {
				"north": {"uv": [7.25, 0.5, 8.5, 1.5], "texture": "#0"},
				"east": {"uv": [15.25, 0.5, 15.75, 1.5], "texture": "#0"},
				"south": {"uv": [4.75, 6, 6.25, 7], "texture": "#0"},
				"west": {"uv": [5, 0.5, 5.5, 1.5], "texture": "#0"},
				"up": {"uv": [9.5, 5.5, 11, 6], "texture": "#0"},
				"down": {"uv": [7, 1.75, 8.5, 1.25], "texture": "#0"}
			}
		},
		{
			"from": [7, 10, -0.99],
			"to": [11, 14, 0.01],
			"faces": {
				"north": {"uv": [8.25, 0.75, 9.25, 1.75], "texture": "#0"},
				"east": {"uv": [15.25, 0.5, 15.5, 1.5], "texture": "#0"},
				"south": {"uv": [0, 0, 3, 14.5], "texture": "#missing"},
				"west": {"uv": [7.75, 0.5, 8, 1.5], "texture": "#0"},
				"up": {"uv": [8.5, 5.5, 9.75, 5.75], "texture": "#0"},
				"down": {"uv": [8.25, 1.5, 9.25, 1.75], "texture": "#0"}
			}
		},
		{
			"from": [2, 9, -0.99],
			"to": [5, 14, 0.01],
			"faces": {
				"north": {"uv": [9.75, 0.75, 10.5, 2], "texture": "#0"},
				"east": {"uv": [15.25, 1, 15.5, 2.25], "texture": "#0"},
				"south": {"uv": [0, 0, 3, 14.5], "texture": "#missing"},
				"west": {"uv": [11.25, 5.75, 11.5, 7], "texture": "#0"},
				"up": {"uv": [7.5, 5.5, 8.25, 5.75], "texture": "#0"},
				"down": {"uv": [9.75, 1.75, 10.5, 2], "texture": "#0"}
			}
		},
		{
			"from": [1, 10, -1],
			"to": [7, 13, 0],
			"faces": {
				"north": {"uv": [9.25, 1, 10.75, 1.75], "texture": "#0"},
				"east": {"uv": [15.25, 0.5, 15.5, 1.25], "texture": "#0"},
				"south": {"uv": [0, 0, 3, 14.5], "texture": "#missing"},
				"west": {"uv": [11.25, 6, 11.5, 6.75], "texture": "#0"},
				"up": {"uv": [7.25, 5.5, 8.5, 5.75], "texture": "#0"},
				"down": {"uv": [9.25, 1.5, 10.75, 1.75], "texture": "#0"}
			}
		},
		{
			"from": [10, 10.99, 15],
			"to": [16, 14.99, 17],
			"faces": {
				"north": {"uv": [5, 6.25, 6.25, 7.25], "texture": "#0"},
				"east": {"uv": [11.25, 0.5, 11.75, 1.5], "texture": "#0"},
				"south": {"uv": [4.75, 0.5, 6.25, 1.5], "texture": "#0"},
				"west": {"uv": [8.5, 0.75, 9, 1.75], "texture": "#0"},
				"up": {"uv": [9.5, 9.5, 11, 10], "texture": "#0"},
				"down": {"uv": [4.75, 1.25, 6.25, 1.75], "texture": "#0"}
			}
		},
		{
			"from": [7, 10, 16.01],
			"to": [11, 14, 17.01],
			"faces": {
				"north": {"uv": [8.25, 0.75, 9.5, 1.75], "texture": "#0"},
				"east": {"uv": [8, 0.5, 8.25, 1.5], "texture": "#0"},
				"south": {"uv": [4, 0.75, 5, 1.75], "texture": "#0"},
				"west": {"uv": [8.25, 0.5, 8.5, 1.5], "texture": "#0"},
				"up": {"uv": [8.5, 9.75, 9.75, 10], "texture": "#0"},
				"down": {"uv": [4, 1.5, 5, 1.75], "texture": "#0"}
			}
		},
		{
			"from": [1, 10, 16],
			"to": [7, 13, 17],
			"faces": {
				"north": {"uv": [9.5, 1, 10.75, 1.75], "texture": "#0"},
				"east": {"uv": [15.25, 0.5, 15.5, 1.25], "texture": "#0"},
				"south": {"uv": [2.5, 1, 4, 1.75], "texture": "#0"},
				"west": {"uv": [15.5, 6, 15.75, 6.75], "texture": "#0"},
				"up": {"uv": [7.25, 9.75, 8.5, 10], "texture": "#0"},
				"down": {"uv": [2.5, 1.5, 4, 1.75], "texture": "#0"}
			}
		},
		{
			"from": [2, 9, 16.01],
			"to": [5, 14, 17.01],
			"faces": {
				"north": {"uv": [9.75, 0.75, 10.5, 2], "texture": "#0"},
				"east": {"uv": [3.25, 0.75, 3, 2], "texture": "#0"},
				"south": {"uv": [2.75, 0.75, 3.5, 2], "texture": "#0"},
				"west": {"uv": [15.5, 5.75, 15.75, 7], "texture": "#0"},
				"up": {"uv": [7.5, 9.75, 8.25, 10], "texture": "#0"},
				"down": {"uv": [2.75, 1.75, 3.5, 2], "texture": "#0"}
			}
		},
		{
			"from": [9, 1, 0],
			"to": [12, 15, 1],
			"faces": {
				"north": {"uv": [8, 0.5, 8.75, 4], "texture": "#0"},
				"east": {"uv": [0, 0, 0.25, 3.5], "texture": "#missing"},
				"south": {"uv": [3, 5.5, 3.75, 9], "texture": "#0"},
				"west": {"uv": [13, 5.5, 13.25, 9], "texture": "#0"},
				"up": {"uv": [9.25, 5.75, 10, 6], "texture": "#0"},
				"down": {"uv": [7.75, 3.75, 8.5, 4], "texture": "#0"}
			}
		},
		{
			"from": [4, 2, 0],
			"to": [9, 15, 1],
			"faces": {
				"north": {"uv": [8.75, 0.5, 10, 3.75], "texture": "#0"},
				"east": {"uv": [0, 0, 0.25, 3.25], "texture": "#missing"},
				"south": {"uv": [3, 5.5, 4.25, 8.75], "texture": "#0"},
				"west": {"uv": [0, 0, 1, 12.5], "texture": "#missing"},
				"up": {"uv": [8.25, 6, 9.5, 6.25], "texture": "#0"},
				"down": {"uv": [8.75, 3.5, 10, 3.75], "texture": "#0"}
			}
		},
		{
			"from": [1, 1, 0],
			"to": [4, 15, 1],
			"faces": {
				"north": {"uv": [10, 0.5, 10.75, 4], "texture": "#0"},
				"east": {"uv": [13.75, 5.5, 14, 9], "texture": "#0"},
				"south": {"uv": [2.75, 5.5, 3.5, 9], "texture": "#0"},
				"west": {"uv": [11.75, 5.75, 11.5, 9.25], "texture": "#0"},
				"up": {"uv": [7.25, 5.75, 8, 6], "texture": "#0"},
				"down": {"uv": [10, 3.75, 10.75, 4], "texture": "#0"}
			}
		},
		{
			"from": [0, -2, 1],
			"to": [1, 15, 15],
			"faces": {
				"north": {"uv": [11.75, 5.75, 12, 10], "texture": "#0"},
				"east": {"uv": [2.5, 5.5, 6, 9.75], "texture": "#0"},
				"south": {"uv": [15, 5.75, 15.25, 10], "texture": "#0"},
				"west": {"uv": [11.75, 5.75, 15.25, 10], "texture": "#0"},
				"up": {"uv": [7, 6, 7.25, 9.5], "texture": "#0"},
				"down": {"uv": [13, 5.5, 13.25, 9], "texture": "#0"}
			}
		},
		{
			"from": [-1, -4, 3],
			"to": [0, -2, 13],
			"faces": {
				"north": {"uv": [11, 4.75, 11.25, 5.25], "texture": "#0"},
				"east": {"uv": [3, 9.5, 5.5, 10], "texture": "#0"},
				"south": {"uv": [2, 4.75, 2.25, 5.25], "texture": "#0"},
				"west": {"uv": [12.25, 10, 14.75, 10.5], "texture": "#0"},
				"up": {"uv": [6.75, 6.5, 7, 9], "texture": "#0"},
				"down": {"uv": [7, 1, 7.25, 3.5], "texture": "#0"}
			}
		},
		{
			"from": [15, 0, 14],
			"to": [16, 15, 15],
			"faces": {
				"north": {"uv": [6, 0.5, 6.25, 4.25], "texture": "#0"},
				"east": {"uv": [11.75, 0.5, 12, 4.25], "texture": "#0"},
				"south": {"uv": [6, 0.5, 6.25, 4.25], "texture": "#0"},
				"west": {"uv": [6.25, 5.5, 6.5, 9.25], "texture": "#0"},
				"up": {"uv": [10.75, 9.25, 11, 9.5], "texture": "#0"},
				"down": {"uv": [5.75, 3.5, 6, 3.75], "texture": "#0"}
			}
		},
		{
			"from": [15, -2, 12],
			"to": [16, 3, 14],
			"faces": {
				"north": {"uv": [6.25, 3.5, 6.5, 4.75], "texture": "#0"},
				"east": {"uv": [12, 3.5, 12.5, 4.75], "texture": "#0"},
				"south": {"uv": [6, 3.5, 6.25, 4.75], "texture": "#0"},
				"west": {"uv": [5.5, 8, 6, 9.25], "texture": "#0"},
				"up": {"uv": [6.25, 3, 6.5, 3.5], "texture": "#0"},
				"down": {"uv": [12, 4, 12.25, 4.5], "texture": "#0"}
			}
		},
		{
			"from": [15, -2, 2],
			"to": [16, 3, 4],
			"faces": {
				"north": {"uv": [7, 4, 7.25, 5.25], "texture": "#0"},
				"east": {"uv": [14.5, 3.5, 15, 4.75], "texture": "#0"},
				"south": {"uv": [6.75, 3.75, 7, 5], "texture": "#0"},
				"west": {"uv": [2.75, 7.75, 3.25, 9], "texture": "#0"},
				"up": {"uv": [6.75, 2.75, 7, 3.25], "texture": "#0"},
				"down": {"uv": [14.75, 4, 15, 4.5], "texture": "#0"}
			}
		},
		{
			"from": [15, -4, 12],
			"to": [16, -2, 13],
			"faces": {
				"north": {"uv": [6.25, 4.75, 6.5, 5.25], "texture": "#0"},
				"east": {"uv": [0, 0, 0.25, 0.5], "texture": "#missing"},
				"south": {"uv": [6, 4.75, 6.25, 5.25], "texture": "#0"},
				"west": {"uv": [5.75, 8.75, 6, 9.25], "texture": "#0"},
				"up": {"uv": [0, 0, 1, 0.5], "texture": "#missing"},
				"down": {"uv": [6.25, 4.5, 6.5, 4.75], "texture": "#0"}
			}
		},
		{
			"from": [15, -4, 3],
			"to": [16, -2, 4],
			"faces": {
				"north": {"uv": [7, 4.75, 7.25, 5.25], "texture": "#0"},
				"east": {"uv": [0, 0, 0.25, 0.5], "texture": "#missing"},
				"south": {"uv": [6.75, 3.5, 7, 4], "texture": "#0"},
				"west": {"uv": [3, 8.75, 3.25, 9.25], "texture": "#0"},
				"up": {"uv": [0, 0, 1, 0.5], "texture": "#missing"},
				"down": {"uv": [6.25, 4.75, 6.5, 5], "texture": "#0"}
			}
		},
		{
			"from": [15, 0, 1],
			"to": [16, 15, 2],
			"faces": {
				"north": {"uv": [7, 0.5, 7.25, 4.25], "texture": "#0"},
				"east": {"uv": [15, 0.5, 15.25, 4.25], "texture": "#0"},
				"south": {"uv": [7, 0.5, 7.25, 4.25], "texture": "#0"},
				"west": {"uv": [2, 5.5, 2.25, 9.25], "texture": "#0"},
				"up": {"uv": [10.75, 6, 11, 6.25], "texture": "#0"},
				"down": {"uv": [7, 4.75, 7.25, 5], "texture": "#0"}
			}
		},
		{
			"from": [15, 8, 2],
			"to": [16, 16, 14],
			"faces": {
				"north": {"uv": [7.25, 0.25, 7.5, 2.25], "texture": "#0"},
				"east": {"uv": [12, 0.25, 15, 2.25], "texture": "#0"},
				"south": {"uv": [6, 0.25, 6.25, 2.25], "texture": "#0"},
				"west": {"uv": [2.75, 5.5, 5.75, 7.5], "texture": "#0"},
				"up": {"uv": [10.75, 6.25, 11, 9.25], "texture": "#0"},
				"down": {"uv": [13, 5.75, 13.25, 8.75], "texture": "#0"}
			}
		},
		{
			"from": [16, 15, 4],
			"to": [17, 16, 12],
			"faces": {
				"north": {"uv": [6.75, 0.25, 7, 0.5], "texture": "#0"},
				"east": {"uv": [12.5, 0.25, 14.5, 0.5], "texture": "#0"},
				"south": {"uv": [6.25, 0.25, 6.5, 0.5], "texture": "#0"},
				"west": {"uv": [0, 0, 2, 0.5], "texture": "#missing"},
				"up": {"uv": [11, 6.75, 11.25, 8.75], "texture": "#0"},
				"down": {"uv": [0, 0, 0.25, 1.5], "texture": "#missing"}
			}
		},
		{
			"from": [16, 12, 1],
			"to": [17, 15, 15],
			"faces": {
				"north": {"uv": [6.75, 0.5, 7, 1.25], "texture": "#0"},
				"east": {"uv": [11.75, 0.5, 15.25, 1.25], "texture": "#0"},
				"south": {"uv": [6.25, 0.5, 6.5, 1.25], "texture": "#0"},
				"west": {"uv": [0, 0, 3.5, 0.25], "texture": "#missing"},
				"up": {"uv": [11, 6, 11.25, 9.5], "texture": "#0"},
				"down": {"uv": [13, 5.5, 13.25, 9], "texture": "#0"}
			}
		},
		{
			"from": [16, 11, 6],
			"to": [17, 12, 10],
			"faces": {
				"north": {"uv": [6.75, 1.25, 7, 1.5], "texture": "#0"},
				"east": {"uv": [13, 1.25, 14, 1.5], "texture": "#0"},
				"south": {"uv": [6.25, 1.25, 6.5, 1.5], "texture": "#0"},
				"west": {"uv": [0, 0, 1, 0], "texture": "#missing"},
				"up": {"uv": [0, 0, 0.25, 0.5], "texture": "#missing"},
				"down": {"uv": [13.5, 2.75, 13.75, 3.75], "texture": "#0"}
			}
		},
		{
			"from": [16, 10, 7],
			"to": [17, 11, 9],
			"faces": {
				"north": {"uv": [6.75, 1.5, 7, 1.75], "texture": "#0"},
				"east": {"uv": [13.25, 1.5, 13.75, 1.75], "texture": "#0"},
				"south": {"uv": [6.25, 1.5, 6.5, 1.75], "texture": "#0"},
				"west": {"uv": [0, 0, 0.5, 0], "texture": "#missing"},
				"up": {"uv": [0, 0, 0.25, 0], "texture": "#missing"},
				"down": {"uv": [6.75, 1, 7, 1.5], "texture": "#0"}
			}
		},
		{
			"from": [1, 14, 1],
			"to": [15, 16, 15],
			"faces": {
				"north": {"uv": [7.25, 0.25, 10.75, 0.75], "texture": "#0"},
				"east": {"uv": [11.75, 0.25, 15.25, 0.75], "texture": "#0"},
				"south": {"uv": [2.5, 0.25, 6, 0.75], "texture": "#0"},
				"west": {"uv": [11.75, 5.5, 15.25, 6], "texture": "#0"},
				"up": {"uv": [7.25, 6, 10.75, 9.5], "texture": "#0"},
				"down": {"uv": [2, 5.5, 3.25, 6.75], "texture": "#0"}
			}
		},
		{
			"from": [2, 17, 7.5],
			"to": [15, 24, 8.5],
			"faces": {
				"north": {"uv": [6.75, 12, 10, 13.25], "texture": "#0"},
				"east": {"uv": [10, 11.5, 10.25, 13.25], "texture": "#0"},
				"south": {"uv": [12.25, 11.5, 15.5, 13.25], "texture": "#0"},
				"west": {"uv": [0, 0, 0.25, 1.25], "texture": "#0"},
				"up": {"uv": [0, 0, 3.25, 0], "texture": "#0"},
				"down": {"uv": [0, 0, 3.25, 0], "texture": "#0"}
			}
		},
		{
			"from": [11, 17, 7.51],
			"to": [17, 24, 8.49],
			"rotation": {"angle": -22.5, "axis": "z", "origin": [13, 17, 8]},
			"faces": {
				"north": {"uv": [7.25, 11.5, 8.75, 13.25], "texture": "#0"},
				"east": {"uv": [9.5, 11.5, 9.745, 13.25], "texture": "#0"},
				"south": {"uv": [10, 11.75, 11.5, 13], "texture": "#0"},
				"west": {"uv": [0, 0, 0.245, 1.25], "texture": "#0"},
				"up": {"uv": [10, 11, 11.5, 11.245], "texture": "#0"},
				"down": {"uv": [0, 0, 1.5, 0], "texture": "#0"}
			}
		},
		{
			"from": [16.75, 15.1, 7.52],
			"to": [20.75, 19.1, 8.48],
			"rotation": {"angle": 22.5, "axis": "z", "origin": [13, 17, 8]},
			"faces": {
				"north": {"uv": [6.75, 11.25, 7.75, 12.25], "rotation": 270, "texture": "#0"},
				"east": {"uv": [10.25, 10.75, 11.25, 10.99], "rotation": 90, "texture": "#0"},
				"south": {"uv": [10, 11.25, 11, 12.25], "rotation": 90, "texture": "#0"},
				"west": {"uv": [0, 0, 1, 0], "rotation": 90, "texture": "#0"},
				"up": {"uv": [0, 0, 0.25, 0.5], "rotation": 90, "texture": "#0"},
				"down": {"uv": [9.25, 12.25, 9.5, 13.25], "rotation": 90, "texture": "#0"}
			}
		},
		{
			"from": [2, 24, 7.5],
			"to": [15, 25.01, 8.5],
			"faces": {
				"north": {"uv": [6.75, 11.25, 10, 11.5025], "texture": "#0"},
				"east": {"uv": [10.25, 11.5, 10.5, 11.7525], "texture": "#0"},
				"south": {"uv": [12.25, 11.25, 15.5, 11.5], "texture": "#0"},
				"west": {"uv": [11.25, 11.5, 11.5, 11.7525], "texture": "#0"},
				"up": {"uv": [6.75, 10.75, 10, 11], "texture": "#0"},
				"down": {"uv": [6.75, 13, 10, 13.25], "texture": "#0"}
			}
		},
		{
			"from": [4, 17, 7],
			"to": [8, 25, 9],
			"faces": {
				"north": {"uv": [8.75, 11.25, 9.75, 13.25], "texture": "#0"},
				"east": {"uv": [9.75, 11.25, 10.25, 13.25], "texture": "#0"},
				"south": {"uv": [10.25, 11.25, 11.25, 13.25], "texture": "#0"},
				"west": {"uv": [12.25, 11.25, 12.75, 13.25], "texture": "#0"},
				"up": {"uv": [11.25, 10.75, 12.25, 11.25], "texture": "#0"},
				"down": {"uv": [6.75, 11.25, 7.75, 11.75], "texture": "#0"}
			}
		},
		{
			"from": [-1, 16, 7.01],
			"to": [5, 24, 8.99],
			"rotation": {"angle": 22.5, "axis": "z", "origin": [2, 17, 7]},
			"faces": {
				"north": {"uv": [9.5, 11.25, 11, 13.25], "texture": "#0"},
				"east": {"uv": [11, 11.25, 11.495, 13.25], "texture": "#0"},
				"south": {"uv": [11.5, 11.25, 13, 13.25], "texture": "#0"},
				"west": {"uv": [13, 11.25, 13.495, 13.25], "texture": "#0"},
				"up": {"uv": [6.75, 10.75, 8.25, 11.245], "texture": "#0"},
				"down": {"uv": [12, 10.75, 13.5, 11.245], "texture": "#0"}
			}
		},
		{
			"from": [9, 17, 7],
			"to": [10, 25, 9],
			"faces": {
				"north": {"uv": [8, 11.25, 8.25, 13.25], "texture": "#0"},
				"east": {"uv": [9.5, 11.25, 10, 13.25], "texture": "#0"},
				"south": {"uv": [11.5, 11.25, 11.75, 13.25], "texture": "#0"},
				"west": {"uv": [10.5, 11.25, 11, 13.25], "texture": "#0"},
				"up": {"uv": [8.5, 10.75, 8.75, 11.25], "texture": "#0"},
				"down": {"uv": [9.5, 10.75, 9.75, 11.25], "texture": "#0"}
			}
		},
		{
			"from": [12, 17, 7],
			"to": [14, 25, 9],
			"faces": {
				"north": {"uv": [8.75, 11.25, 9.25, 13.25], "texture": "#0"},
				"east": {"uv": [9.75, 11.25, 10.25, 13.25], "texture": "#0"},
				"south": {"uv": [10.75, 11.25, 11.25, 13.25], "texture": "#0"},
				"west": {"uv": [10.25, 11.25, 10.75, 13.25], "texture": "#0"},
				"up": {"uv": [10, 10.75, 10.5, 11.25], "texture": "#0"},
				"down": {"uv": [11.25, 12.75, 11.75, 13.25], "texture": "#0"}
			}
		},
		{
			"from": [-1, 16, 6.5],
			"to": [17, 17, 9.5],
			"faces": {
				"north": {"uv": [2, 10.75, 6.5, 11], "texture": "#0"},
				"east": {"uv": [5.75, 10.5, 6.5, 10.75], "texture": "#0"},
				"south": {"uv": [2, 10.25, 6.5, 10.5], "texture": "#0"},
				"west": {"uv": [2, 10.5, 2.75, 10.75], "texture": "#0"},
				"up": {"uv": [2, 10.25, 6.5, 11], "texture": "#0"},
				"down": {"uv": [0, 0, 16, 2.5], "texture": "#missing"}
			}
		},
		{
			"from": [-1, 2, 6.5],
			"to": [0, 16, 9.5],
			"faces": {
				"north": {"uv": [5.75, 11.25, 6, 14.75], "texture": "#0"},
				"east": {"uv": [0, 0, 0.75, 3.5], "texture": "#missing"},
				"south": {"uv": [6.25, 11.25, 6.5, 14.75], "texture": "#0"},
				"west": {"uv": [5.75, 11.25, 6.5, 14.75], "texture": "#0"},
				"up": {"uv": [0, 0, 0.25, 0.25], "texture": "#missing"},
				"down": {"uv": [0, 0, 0.25, 0.25], "texture": "#missing"}
			}
		},
		{
			"from": [-0.99, -2, 4],
			"to": [0.01, 13, 12],
			"faces": {
				"north": {"uv": [12.5, 6, 12.75, 9.75], "texture": "#0"},
				"east": {"uv": [0, 0, 2, 3.75], "texture": "#missing"},
				"south": {"uv": [14.25, 6.25, 14.5, 10], "texture": "#0"},
				"west": {"uv": [12.5, 6.25, 14.5, 10], "texture": "#0"},
				"up": {"uv": [12.5, 6, 14.5, 6.25], "rotation": 90, "texture": "#0"},
				"down": {"uv": [0, 0, 0.25, 0.25], "texture": "#missing"}
			}
		},
		{
			"from": [0, 15, 6.5],
			"to": [1, 16, 9.5],
			"faces": {
				"north": {"uv": [5.75, 11.25, 6, 11.5], "texture": "#0"},
				"east": {"uv": [0, 0, 0.75, 0.25], "texture": "#missing"},
				"south": {"uv": [6.25, 11.25, 6.5, 11.5], "texture": "#0"},
				"west": {"uv": [0, 0, 0.75, 0], "texture": "#missing"},
				"up": {"uv": [0, 0, 0.25, 0.25], "texture": "#missing"},
				"down": {"uv": [0, 0, 0.25, 0.25], "texture": "#missing"}
			}
		},
		{
			"from": [-4, 1, 7.5],
			"to": [-1, 23, 8.5],
			"faces": {
				"north": {"uv": [9, 12.5, 14.5, 13.25], "rotation": 90, "texture": "#0"},
				"east": {"uv": [0, 0, 0.25, 5.5], "texture": "#0"},
				"south": {"uv": [9, 12.5, 14.5, 13.25], "rotation": 270, "texture": "#0"},
				"west": {"uv": [8.75, 11, 14.25, 11.25], "rotation": 270, "texture": "#0"},
				"up": {"uv": [9.5, 10.75, 10.25, 11], "texture": "#0"},
				"down": {"uv": [0, 0, 3, 0.5], "texture": "#0"}
			}
		},
		{
			"from": [-6, -4, 7.49],
			"to": [-1, 2, 8.51],
			"rotation": {"angle": -22.5, "axis": "z", "origin": [0, 0, 0]},
			"faces": {
				"north": {"uv": [7, 12, 8.5, 13.25], "rotation": 90, "texture": "#0"},
				"east": {"uv": [6.75, 11.5, 6.995, 13], "texture": "#0"},
				"south": {"uv": [13.25, 12, 14.75, 13.25], "rotation": 90, "texture": "#0"},
				"west": {"uv": [9.25, 11, 10.75, 11.245], "rotation": 270, "texture": "#0"},
				"up": {"uv": [0, 0, 1.25, 0], "texture": "#0"},
				"down": {"uv": [9, 13, 10.25, 13.245], "texture": "#0"}
			}
		},
		{
			"from": [-10, -6, 7.49],
			"to": [-6, -3, 8.51],
			"faces": {
				"north": {"uv": [10.25, 12.25, 11.25, 13], "texture": "#0"},
				"east": {"uv": [0, 0, 0.25, 0.75], "texture": "#0"},
				"south": {"uv": [13, 12.25, 14, 13], "texture": "#0"},
				"west": {"uv": [6.75, 11.75, 7.005, 12.5], "texture": "#0"},
				"up": {"uv": [8.75, 11, 9.75, 11.255], "texture": "#0"},
				"down": {"uv": [11.25, 13, 12.25, 13.255], "texture": "#0"}
			}
		},
		{
			"from": [-10, -5, 7.48],
			"to": [-4, -1, 8.52],
			"rotation": {"angle": 45, "axis": "z", "origin": [-7, -1, 8]},
			"faces": {
				"north": {"uv": [11.5, 12.25, 13, 13.25], "texture": "#0"},
				"east": {"uv": [0, 0, 0.25, 1], "texture": "#0"},
				"south": {"uv": [9.5, 12.25, 11, 13.25], "texture": "#0"},
				"west": {"uv": [0, 0, 0.25, 0.5], "texture": "#0"},
				"up": {"uv": [8, 11, 9.5, 11.25], "texture": "#0"},
				"down": {"uv": [7, 13, 8.5, 13.25], "texture": "#0"}
			}
		},
		{
			"from": [-5, 1, 7.5],
			"to": [-4, 21, 8.5],
			"faces": {
				"north": {"uv": [9, 12, 14, 12.25], "rotation": 90, "texture": "#0"},
				"east": {"uv": [0, 0, 0.25, 5], "texture": "#0"},
				"south": {"uv": [9, 12, 14, 12.25], "rotation": 270, "texture": "#0"},
				"west": {"uv": [9.5, 11, 14.5, 11.25], "rotation": 270, "texture": "#0"},
				"up": {"uv": [8, 11, 8.25, 11.25], "texture": "#0"},
				"down": {"uv": [0, 0, 1, 0.5], "texture": "#0"}
			}
		},
		{
			"from": [-6, 11, 7.5],
			"to": [-5, 17, 8.5],
			"faces": {
				"north": {"uv": [11.5, 12, 13, 12.25], "rotation": 90, "texture": "#0"},
				"east": {"uv": [0, 0, 0.25, 1.5], "texture": "#0"},
				"south": {"uv": [11.5, 12, 13, 12.25], "rotation": 270, "texture": "#0"},
				"west": {"uv": [10.5, 10.75, 12, 11], "rotation": 270, "texture": "#0"},
				"up": {"uv": [9.25, 11, 9.5, 11.25], "texture": "#0"},
				"down": {"uv": [8.75, 10.75, 9, 11], "texture": "#0"}
			}
		},
		{
			"from": [15, 7, 6],
			"to": [16, 8, 10],
			"faces": {
				"north": {"uv": [13.5, 2.75, 13.75, 3], "texture": "#0"},
				"east": {"uv": [13, 2.25, 14, 2.5], "texture": "#0"},
				"south": {"uv": [13.25, 2.75, 13.5, 3], "texture": "#0"},
				"west": {"uv": [3.75, 7.75, 4.75, 8], "texture": "#0"},
				"up": {"uv": [0, 0, 1, 3.5], "texture": "#missing"},
				"down": {"uv": [6.75, 2.75, 7, 3.75], "texture": "#0"}
			}
		},
		{
			"from": [16, 2, 12],
			"to": [17, 3, 14],
			"faces": {
				"north": {"uv": [5, 2, 5.25, 2.25], "texture": "#0"},
				"east": {"uv": [12, 3.5, 12.5, 3.75], "texture": "#0"},
				"south": {"uv": [6.25, 3.5, 6.5, 3.75], "texture": "#0"},
				"west": {"uv": [0, 0, 2, 0.5], "texture": "#missing"},
				"up": {"uv": [6.25, 3.25, 6.5, 3.75], "texture": "#0"},
				"down": {"uv": [6.25, 2.75, 6.5, 3.25], "texture": "#0"}
			}
		},
		{
			"from": [16, 2, 2],
			"to": [17, 3, 4],
			"faces": {
				"north": {"uv": [6.75, 3.5, 7, 3.75], "texture": "#0"},
				"east": {"uv": [14.5, 3.5, 15, 3.75], "texture": "#0"},
				"south": {"uv": [6.75, 2.75, 7, 3], "texture": "#0"},
				"west": {"uv": [0, 0, 2, 0.5], "texture": "#missing"},
				"up": {"uv": [7, 3.25, 7.25, 3.75], "texture": "#0"},
				"down": {"uv": [6.75, 3, 7, 3.5], "texture": "#0"}
			}
		},
		{
			"from": [16, -4, 12],
			"to": [17, 2, 13],
			"faces": {
				"north": {"uv": [6.25, 3.75, 6.5, 5.25], "texture": "#0"},
				"east": {"uv": [12.25, 3.75, 12.5, 5.25], "texture": "#0"},
				"south": {"uv": [6.25, 3.75, 6.5, 5.25], "texture": "#0"},
				"west": {"uv": [0, 0, 1, 5.5], "texture": "#missing"},
				"up": {"uv": [0, 0, 1, 0.5], "texture": "#missing"},
				"down": {"uv": [6.25, 3.5, 6.5, 3.75], "texture": "#0"}
			}
		},
		{
			"from": [16, -4, 3],
			"to": [17, 2, 4],
			"faces": {
				"north": {"uv": [6.75, 3.75, 7, 5.25], "texture": "#0"},
				"east": {"uv": [14.5, 3.75, 14.75, 5.25], "texture": "#0"},
				"south": {"uv": [6.75, 3.75, 7, 5.25], "texture": "#0"},
				"west": {"uv": [0, 0, 1, 5.5], "texture": "#missing"},
				"up": {"uv": [0, 0, 1, 0.5], "texture": "#missing"},
				"down": {"uv": [6.25, 4.75, 6.5, 5], "texture": "#0"}
			}
		},
		{
			"from": [15, 5, 7],
			"to": [16, 7, 9],
			"faces": {
				"north": {"uv": [13.75, 2, 14, 2.5], "texture": "#0"},
				"east": {"uv": [13.25, 2.5, 13.75, 3], "texture": "#0"},
				"south": {"uv": [6, 2.5, 6.25, 3], "texture": "#0"},
				"west": {"uv": [4, 7.75, 4.5, 8.25], "texture": "#0"},
				"up": {"uv": [0, 0, 1, 1.5], "texture": "#missing"},
				"down": {"uv": [7, 2.5, 7.25, 3], "texture": "#0"}
			}
		},
		{
			"from": [16, 5, 7],
			"to": [17, 6, 9],
			"faces": {
				"north": {"uv": [6.75, 2.75, 7, 3], "texture": "#0"},
				"east": {"uv": [13.25, 3, 13.75, 2.75], "texture": "#0"},
				"south": {"uv": [6.25, 2.75, 6.5, 3], "texture": "#0"},
				"west": {"uv": [0, 0, 2, 0.5], "texture": "#missing"},
				"up": {"uv": [6.75, 3, 7, 3.5], "texture": "#0"},
				"down": {"uv": [6.25, 3, 6.5, 3.5], "texture": "#0"}
			}
		},
		{
			"from": [15, 2, 7.5],
			"to": [17, 5, 8.5],
			"faces": {
				"north": {"uv": [6.75, 3, 7.25, 3.75], "texture": "#0"},
				"east": {"uv": [13.5, 3, 13.75, 3.75], "texture": "#0"},
				"south": {"uv": [6, 3, 6.5, 3.75], "texture": "#0"},
				"west": {"uv": [4.25, 8, 4.5, 8.75], "texture": "#0"},
				"up": {"uv": [0, 0, 2, 0.5], "texture": "#missing"},
				"down": {"uv": [6.75, 2.75, 7.25, 3], "texture": "#0"}
			}
		}
	],
	"display": {
		"head": {
			"rotation": [0, 90, 0],
			"translation": [0, 0.5, 0],
			"scale": [1.02, 1.02, 1.03]
		}
	}
}