{
	"credit": "Made with Blockbench",
	"ambientocclusion": false,
	"textures": {
		"0": "item/gear/ockyhalo",
		"particle": "item/gear/ockyhalo"
	},
	"elements": [
		{
			"from": [17, 2, 5],
			"to": [19, 3, 10],
			"rotation": {"angle": -22.5, "axis": "y", "origin": [8, -1, 8]},
			"faces": {
				"north": {"uv": [0, 0, 2, 1], "texture": "#0"},
				"east": {"uv": [4, 10, 9, 11], "texture": "#0"},
				"south": {"uv": [0, 4, 2, 5], "texture": "#0"},
				"west": {"uv": [6, 1, 11, 2], "texture": "#0"},
				"up": {"uv": [5, 13, 10, 15], "rotation": 270, "texture": "#0"},
				"down": {"uv": [4, 0, 9, 2], "rotation": 270, "texture": "#0"}
			}
		},
		{
			"from": [17, 1.99, 5],
			"to": [19, 2.99, 10],
			"rotation": {"angle": -45, "axis": "y", "origin": [8, -1, 8]},
			"faces": {
				"north": {"uv": [1, 9, 3, 10], "texture": "#0"},
				"east": {"uv": [3, 10, 8, 11], "texture": "#0"},
				"south": {"uv": [0, 4, 2, 5], "texture": "#0"},
				"west": {"uv": [8, 7, 13, 8], "texture": "#0"},
				"up": {"uv": [2, 6, 7, 8], "rotation": 90, "texture": "#0"},
				"down": {"uv": [4, 0, 9, 2], "rotation": 270, "texture": "#0"}
			}
		},
		{
			"from": [6, 2, 17],
			"to": [11, 3, 19],
			"rotation": {"angle": 22.5, "axis": "y", "origin": [8, -1, 8]},
			"faces": {
				"north": {"uv": [0, 12, 5, 13], "texture": "#0"},
				"east": {"uv": [1, 12, 3, 11], "texture": "#0"},
				"south": {"uv": [6, 10, 11, 11], "texture": "#0"},
				"west": {"uv": [11, 0, 13, 1], "texture": "#0"},
				"up": {"uv": [9, 7, 14, 9], "texture": "#0"},
				"down": {"uv": [4, 0, 9, 2], "texture": "#0"}
			}
		},
		{
			"from": [6, 1.99, 17],
			"to": [11, 2.99, 19],
			"rotation": {"angle": 0, "axis": "y", "origin": [0, -1, 0]},
			"faces": {
				"north": {"uv": [3, 7, 8, 8], "texture": "#0"},
				"east": {"uv": [3, 10, 5, 11], "texture": "#0"},
				"south": {"uv": [0, 9, 5, 10], "texture": "#0"},
				"west": {"uv": [11, 0, 13, 1], "texture": "#0"},
				"up": {"uv": [6, 12, 11, 14], "texture": "#0"},
				"down": {"uv": [4, 0, 9, 2], "texture": "#0"}
			}
		},
		{
			"from": [6, 2, 17],
			"to": [11, 3, 19],
			"rotation": {"angle": -22.5, "axis": "y", "origin": [8, -1, 8]},
			"faces": {
				"north": {"uv": [0, 8, 5, 9], "texture": "#0"},
				"east": {"uv": [10, 10, 12, 11], "texture": "#0"},
				"south": {"uv": [1, 10, 6, 11], "texture": "#0"},
				"west": {"uv": [11, 4, 13, 5], "texture": "#0"},
				"up": {"uv": [9, 7, 14, 9], "rotation": 180, "texture": "#0"},
				"down": {"uv": [4, 0, 9, 2], "rotation": 180, "texture": "#0"}
			}
		},
		{
			"from": [-3, 1.99, 6],
			"to": [-1, 2.99, 11],
			"rotation": {"angle": 45, "axis": "y", "origin": [8, -1, 8]},
			"faces": {
				"north": {"uv": [0, 4, 2, 5], "texture": "#0"},
				"east": {"uv": [0, 8, 5, 9], "texture": "#0"},
				"south": {"uv": [4, 10, 6, 11], "texture": "#0"},
				"west": {"uv": [10, 10, 15, 11], "texture": "#0"},
				"up": {"uv": [6, 13, 11, 15], "rotation": 270, "texture": "#0"},
				"down": {"uv": [4, 0, 9, 2], "rotation": 90, "texture": "#0"}
			}
		},
		{
			"from": [-3, 2, 6],
			"to": [-1, 3, 11],
			"rotation": {"angle": 22.5, "axis": "y", "origin": [8, -1, 8]},
			"faces": {
				"north": {"uv": [0, 12, 2, 13], "texture": "#0"},
				"east": {"uv": [9, 6, 14, 7], "texture": "#0"},
				"south": {"uv": [3, 11, 5, 12], "texture": "#0"},
				"west": {"uv": [8, 10, 13, 11], "texture": "#0"},
				"up": {"uv": [4, 12, 9, 14], "rotation": 90, "texture": "#0"},
				"down": {"uv": [4, 0, 6, 5], "texture": "#0"}
			}
		},
		{
			"from": [-3, 1.99, 6],
			"to": [-1, 2.99, 11],
			"rotation": {"angle": 0, "axis": "y", "origin": [0, -1, 0]},
			"faces": {
				"north": {"uv": [0, 12, 2, 13], "texture": "#0"},
				"east": {"uv": [7, 2, 12, 3], "texture": "#0"},
				"south": {"uv": [1, 10, 3, 11], "texture": "#0"},
				"west": {"uv": [8, 10, 13, 11], "texture": "#0"},
				"up": {"uv": [11, 12, 16, 14], "rotation": 90, "texture": "#0"},
				"down": {"uv": [4, 0, 6, 5], "texture": "#0"}
			}
		},
		{
			"from": [-3, 2, 6],
			"to": [-1, 3, 11],
			"rotation": {"angle": -22.5, "axis": "y", "origin": [8, -1, 8]},
			"faces": {
				"north": {"uv": [0, 4, 2, 5], "texture": "#0"},
				"east": {"uv": [0, 9, 5, 10], "texture": "#0"},
				"south": {"uv": [13, 8, 15, 9], "texture": "#0"},
				"west": {"uv": [6, 1, 11, 2], "texture": "#0"},
				"up": {"uv": [7, 6, 12, 8], "rotation": 270, "texture": "#0"},
				"down": {"uv": [4, 0, 9, 2], "rotation": 90, "texture": "#0"}
			}
		},
		{
			"from": [5, 1.99, -3],
			"to": [10, 2.99, -1],
			"rotation": {"angle": 45, "axis": "y", "origin": [8, -1, 8]},
			"faces": {
				"north": {"uv": [0, 14, 5, 15], "texture": "#0"},
				"east": {"uv": [0, 4, 2, 5], "texture": "#0"},
				"south": {"uv": [1, 10, 6, 11], "texture": "#0"},
				"west": {"uv": [9, 6, 11, 7], "texture": "#0"},
				"up": {"uv": [3, 4, 8, 6], "texture": "#0"},
				"down": {"uv": [4, 0, 9, 2], "texture": "#0"}
			}
		},
		{
			"from": [5, 2, -3],
			"to": [10, 3, -1],
			"rotation": {"angle": 22.5, "axis": "y", "origin": [8, -1, 8]},
			"faces": {
				"north": {"uv": [5, 13, 10, 14], "texture": "#0"},
				"east": {"uv": [0, 4, 2, 5], "texture": "#0"},
				"south": {"uv": [2, 10, 7, 11], "texture": "#0"},
				"west": {"uv": [1, 3, 3, 4], "texture": "#0"},
				"up": {"uv": [7, 7, 12, 9], "texture": "#0"},
				"down": {"uv": [4, 0, 9, 2], "texture": "#0"}
			}
		},
		{
			"from": [5, 1.99, -3],
			"to": [10, 2.99, -1],
			"rotation": {"angle": 0, "axis": "y", "origin": [8, -1, 8]},
			"faces": {
				"north": {"uv": [5, 13, 10, 14], "texture": "#0"},
				"east": {"uv": [0, 4, 2, 5], "texture": "#0"},
				"south": {"uv": [1, 9, 6, 10], "texture": "#0"},
				"west": {"uv": [1, 3, 3, 4], "texture": "#0"},
				"up": {"uv": [6, 6, 11, 8], "texture": "#0"},
				"down": {"uv": [4, 0, 9, 2], "texture": "#0"}
			}
		},
		{
			"from": [5, 2, -3],
			"to": [10, 3, -1],
			"rotation": {"angle": -22.5, "axis": "y", "origin": [8, -1, 8]},
			"faces": {
				"north": {"uv": [6, 13, 11, 14], "texture": "#0"},
				"east": {"uv": [0, 4, 2, 5], "texture": "#0"},
				"south": {"uv": [7, 10, 12, 11], "texture": "#0"},
				"west": {"uv": [13, 4, 15, 5], "texture": "#0"},
				"up": {"uv": [0, 6, 5, 8], "texture": "#0"},
				"down": {"uv": [4, 0, 9, 2], "texture": "#0"}
			}
		},
		{
			"from": [17, 1.99, 5],
			"to": [19, 2.99, 10],
			"rotation": {"angle": 45, "axis": "y", "origin": [8, -1, 8]},
			"faces": {
				"north": {"uv": [0, 0, 2, 1], "texture": "#0"},
				"east": {"uv": [5, 14, 10, 15], "texture": "#0"},
				"south": {"uv": [0, 4, 2, 5], "texture": "#0"},
				"west": {"uv": [7, 10, 12, 11], "texture": "#0"},
				"up": {"uv": [6, 6, 11, 8], "rotation": 90, "texture": "#0"},
				"down": {"uv": [4, 0, 9, 2], "rotation": 270, "texture": "#0"}
			}
		},
		{
			"from": [17, 2, 5],
			"to": [19, 3, 10],
			"rotation": {"angle": 22.5, "axis": "y", "origin": [8, -1, 8]},
			"faces": {
				"north": {"uv": [0, 12, 2, 13], "texture": "#0"},
				"east": {"uv": [0, 4, 5, 5], "texture": "#0"},
				"south": {"uv": [0, 8, 2, 9], "texture": "#0"},
				"west": {"uv": [6, 10, 11, 11], "texture": "#0"},
				"up": {"uv": [2, 6, 7, 8], "rotation": 90, "texture": "#0"},
				"down": {"uv": [4, 0, 6, 5], "texture": "#0"}
			}
		},
		{
			"from": [17, 1.99, 5],
			"to": [19, 2.99, 10],
			"rotation": {"angle": 0, "axis": "y", "origin": [0, -1, 0]},
			"faces": {
				"north": {"uv": [0, 12, 2, 13], "texture": "#0"},
				"east": {"uv": [6, 1, 11, 2], "texture": "#0"},
				"south": {"uv": [0, 8, 2, 9], "texture": "#0"},
				"west": {"uv": [9, 9, 14, 10], "texture": "#0"},
				"up": {"uv": [10, 12, 15, 14], "rotation": 90, "texture": "#0"},
				"down": {"uv": [4, 0, 6, 5], "texture": "#0"}
			}
		},
		{
			"from": [5, -0.01, -4],
			"to": [10, 1.99, 0],
			"rotation": {"angle": 0, "axis": "y", "origin": [8, 0, 8]},
			"faces": {
				"north": {"uv": [5, 13, 10, 15], "texture": "#0"},
				"east": {"uv": [0, 4, 4, 6], "texture": "#0"},
				"south": {"uv": [5, 10, 10, 12], "texture": "#0"},
				"west": {"uv": [11, 0, 15, 2], "texture": "#0"},
				"up": {"uv": [11, 12, 16, 16], "texture": "#0"},
				"down": {"uv": [11, 12, 16, 16], "texture": "#0"}
			}
		},
		{
			"from": [5, -0.01, -4],
			"to": [10, 1.99, 0],
			"rotation": {"angle": 45, "axis": "y", "origin": [8, 0, 8]},
			"faces": {
				"north": {"uv": [5, 6, 10, 8], "texture": "#0"},
				"east": {"uv": [0, 4, 4, 6], "texture": "#0"},
				"south": {"uv": [4, 9, 9, 11], "texture": "#0"},
				"west": {"uv": [11, 0, 15, 2], "texture": "#0"},
				"up": {"uv": [11, 12, 16, 16], "texture": "#0"},
				"down": {"uv": [4, 5, 9, 9], "texture": "#0"}
			}
		},
		{
			"from": [-4, -0.01, 6],
			"to": [0, 1.99, 11],
			"rotation": {"angle": 45, "axis": "y", "origin": [8, 0, 8]},
			"faces": {
				"north": {"uv": [0, 4, 4, 6], "texture": "#0"},
				"east": {"uv": [4, 7, 9, 9], "texture": "#0"},
				"south": {"uv": [0, 0, 4, 2], "texture": "#0"},
				"west": {"uv": [11, 10, 16, 12], "texture": "#0"},
				"up": {"uv": [3, 4, 8, 8], "rotation": 270, "texture": "#0"},
				"down": {"uv": [5, 5, 10, 9], "rotation": 90, "texture": "#0"}
			}
		},
		{
			"from": [16, -0.01, 5],
			"to": [20, 1.99, 10],
			"rotation": {"angle": -45, "axis": "y", "origin": [8, 0, 8]},
			"faces": {
				"north": {"uv": [0, 0, 4, 2], "texture": "#0"},
				"east": {"uv": [3, 10, 8, 12], "texture": "#0"},
				"south": {"uv": [0, 4, 4, 6], "texture": "#0"},
				"west": {"uv": [8, 7, 13, 9], "texture": "#0"},
				"up": {"uv": [5, 5, 10, 9], "rotation": 90, "texture": "#0"},
				"down": {"uv": [3, 5, 8, 9], "rotation": 270, "texture": "#0"}
			}
		},
		{
			"from": [16, -0.01, 5],
			"to": [20, 1.99, 10],
			"rotation": {"angle": 45, "axis": "y", "origin": [8, 0, 8]},
			"faces": {
				"north": {"uv": [0, 0, 4, 2], "texture": "#0"},
				"east": {"uv": [5, 12, 10, 14], "texture": "#0"},
				"south": {"uv": [0, 4, 4, 6], "texture": "#0"},
				"west": {"uv": [11, 10, 16, 12], "texture": "#0"},
				"up": {"uv": [6, 12, 11, 16], "rotation": 90, "texture": "#0"},
				"down": {"uv": [2, 0, 7, 4], "rotation": 270, "texture": "#0"}
			}
		},
		{
			"from": [6, -0.01, 16],
			"to": [11, 1.99, 20],
			"faces": {
				"north": {"uv": [5, 6, 10, 8], "texture": "#0"},
				"east": {"uv": [0, 4, 4, 6], "texture": "#0"},
				"south": {"uv": [2, 10, 7, 12], "texture": "#0"},
				"west": {"uv": [11, 0, 15, 2], "texture": "#0"},
				"up": {"uv": [1, 0, 6, 4], "texture": "#0"},
				"down": {"uv": [0, 12, 5, 16], "texture": "#0"}
			}
		},
		{
			"from": [-4, -0.01, 6],
			"to": [0, 1.99, 11],
			"faces": {
				"north": {"uv": [0, 12, 4, 14], "texture": "#0"},
				"east": {"uv": [7, 1, 12, 3], "texture": "#0"},
				"south": {"uv": [0, 8, 4, 10], "texture": "#0"},
				"west": {"uv": [8, 9, 13, 11], "texture": "#0"},
				"up": {"uv": [5, 4, 9, 9], "texture": "#0"},
				"down": {"uv": [3, 2, 7, 7], "texture": "#0"}
			}
		},
		{
			"from": [16, -0.01, 5],
			"to": [20, 1.99, 10],
			"faces": {
				"north": {"uv": [0, 12, 4, 14], "texture": "#0"},
				"east": {"uv": [10, 4, 15, 6], "texture": "#0"},
				"south": {"uv": [0, 8, 4, 10], "texture": "#0"},
				"west": {"uv": [6, 0, 11, 2], "texture": "#0"},
				"up": {"uv": [5, 4, 9, 9], "texture": "#0"},
				"down": {"uv": [5, 4, 9, 9], "texture": "#0"}
			}
		},
		{
			"from": [5, 0, -4],
			"to": [10, 2, 0],
			"rotation": {"angle": -22.5, "axis": "y", "origin": [8, 0, 8]},
			"faces": {
				"north": {"uv": [2, 14, 7, 16], "texture": "#0"},
				"east": {"uv": [0, 4, 4, 6], "texture": "#0"},
				"south": {"uv": [10, 10, 15, 12], "texture": "#0"},
				"west": {"uv": [11, 0, 15, 2], "texture": "#0"},
				"up": {"uv": [5, 12, 10, 16], "texture": "#0"},
				"down": {"uv": [1, 12, 6, 16], "texture": "#0"}
			}
		},
		{
			"from": [5, 0, -4],
			"to": [10, 2, 0],
			"rotation": {"angle": 22.5, "axis": "y", "origin": [8, 0, 8]},
			"faces": {
				"north": {"uv": [0, 12, 5, 14], "texture": "#0"},
				"east": {"uv": [0, 4, 4, 6], "texture": "#0"},
				"south": {"uv": [1, 10, 6, 12], "texture": "#0"},
				"west": {"uv": [11, 0, 15, 2], "texture": "#0"},
				"up": {"uv": [8, 12, 13, 16], "texture": "#0"},
				"down": {"uv": [4, 12, 9, 16], "texture": "#0"}
			}
		},
		{
			"from": [16, 0, 5],
			"to": [20, 2, 10],
			"rotation": {"angle": 22.5, "axis": "y", "origin": [8, 0, 8]},
			"faces": {
				"north": {"uv": [0, 12, 4, 14], "texture": "#0"},
				"east": {"uv": [1, 4, 6, 6], "texture": "#0"},
				"south": {"uv": [0, 10, 4, 12], "texture": "#0"},
				"west": {"uv": [10, 9, 15, 11], "texture": "#0"},
				"up": {"uv": [3, 1, 7, 6], "texture": "#0"},
				"down": {"uv": [12, 2, 16, 7], "texture": "#0"}
			}
		},
		{
			"from": [6, 0, 16],
			"to": [11, 2, 20],
			"rotation": {"angle": 22.5, "axis": "y", "origin": [8, 0, 8]},
			"faces": {
				"north": {"uv": [6, 13, 11, 15], "texture": "#0"},
				"east": {"uv": [0, 4, 4, 6], "texture": "#0"},
				"south": {"uv": [0, 9, 5, 11], "texture": "#0"},
				"west": {"uv": [11, 0, 15, 2], "texture": "#0"},
				"up": {"uv": [4, 5, 9, 9], "texture": "#0"},
				"down": {"uv": [5, 12, 10, 16], "texture": "#0"}
			}
		},
		{
			"from": [-4, 0, 6],
			"to": [0, 2, 11],
			"rotation": {"angle": 22.5, "axis": "y", "origin": [8, 0, 8]},
			"faces": {
				"north": {"uv": [0, 12, 4, 14], "texture": "#0"},
				"east": {"uv": [5, 1, 10, 3], "texture": "#0"},
				"south": {"uv": [0, 8, 4, 10], "texture": "#0"},
				"west": {"uv": [5, 10, 10, 12], "texture": "#0"},
				"up": {"uv": [2, 0, 6, 5], "texture": "#0"},
				"down": {"uv": [4, 0, 8, 5], "texture": "#0"}
			}
		},
		{
			"from": [-4, 0, 6],
			"to": [0, 2, 11],
			"rotation": {"angle": -22.5, "axis": "y", "origin": [8, 0, 8]},
			"faces": {
				"north": {"uv": [0, 4, 4, 6], "texture": "#0"},
				"east": {"uv": [0, 9, 5, 11], "texture": "#0"},
				"south": {"uv": [0, 0, 4, 2], "texture": "#0"},
				"west": {"uv": [7, 1, 12, 3], "texture": "#0"},
				"up": {"uv": [5, 5, 10, 9], "rotation": 270, "texture": "#0"},
				"down": {"uv": [4, 4, 9, 8], "rotation": 90, "texture": "#0"}
			}
		},
		{
			"from": [6, 0, 16],
			"to": [11, 2, 20],
			"rotation": {"angle": -22.5, "axis": "y", "origin": [8, 0, 8]},
			"faces": {
				"north": {"uv": [0, 7, 5, 9], "texture": "#0"},
				"east": {"uv": [0, 0, 4, 2], "texture": "#0"},
				"south": {"uv": [2, 10, 7, 12], "texture": "#0"},
				"west": {"uv": [11, 4, 15, 6], "texture": "#0"},
				"up": {"uv": [3, 5, 8, 9], "rotation": 180, "texture": "#0"},
				"down": {"uv": [11, 12, 16, 16], "rotation": 180, "texture": "#0"}
			}
		},
		{
			"from": [16, 0, 5],
			"to": [20, 2, 10],
			"rotation": {"angle": -22.5, "axis": "y", "origin": [8, 0, 8]},
			"faces": {
				"north": {"uv": [0, 0, 4, 2], "texture": "#0"},
				"east": {"uv": [0, 9, 5, 11], "texture": "#0"},
				"south": {"uv": [0, 4, 4, 6], "texture": "#0"},
				"west": {"uv": [9, 4, 14, 6], "texture": "#0"},
				"up": {"uv": [6, 12, 11, 16], "rotation": 90, "texture": "#0"},
				"down": {"uv": [2, 5, 7, 9], "rotation": 270, "texture": "#0"}
			}
		},
		{
			"from": [17, -1, 5],
			"to": [19, 0, 10],
			"rotation": {"angle": -22.5, "axis": "y", "origin": [8, 3, 8]},
			"faces": {
				"north": {"uv": [0, 1, 2, 0], "texture": "#0"},
				"east": {"uv": [4, 11, 9, 10], "texture": "#0"},
				"south": {"uv": [0, 5, 2, 4], "texture": "#0"},
				"west": {"uv": [7, 8, 12, 7], "texture": "#0"},
				"up": {"uv": [9, 0, 4, 2], "rotation": 270, "texture": "#0"},
				"down": {"uv": [10, 13, 5, 15], "rotation": 270, "texture": "#0"}
			}
		},
		{
			"from": [17, -0.99, 5],
			"to": [19, 0.01, 10],
			"rotation": {"angle": -45, "axis": "y", "origin": [8, 3, 8]},
			"faces": {
				"north": {"uv": [1, 10, 3, 9], "texture": "#0"},
				"east": {"uv": [3, 11, 8, 10], "texture": "#0"},
				"south": {"uv": [0, 5, 2, 4], "texture": "#0"},
				"west": {"uv": [8, 8, 13, 7], "texture": "#0"},
				"up": {"uv": [9, 0, 4, 2], "rotation": 270, "texture": "#0"},
				"down": {"uv": [7, 6, 2, 8], "rotation": 90, "texture": "#0"}
			}
		},
		{
			"from": [6, -1, 17],
			"to": [11, 0, 19],
			"rotation": {"angle": 22.5, "axis": "y", "origin": [8, 3, 8]},
			"faces": {
				"north": {"uv": [0, 13, 5, 12], "texture": "#0"},
				"east": {"uv": [1, 11, 3, 12], "texture": "#0"},
				"south": {"uv": [6, 11, 11, 10], "texture": "#0"},
				"west": {"uv": [11, 1, 13, 0], "texture": "#0"},
				"up": {"uv": [4, 2, 9, 0], "texture": "#0"},
				"down": {"uv": [9, 9, 14, 7], "texture": "#0"}
			}
		},
		{
			"from": [6, -0.99, 17],
			"to": [11, 0.01, 19],
			"rotation": {"angle": 0, "axis": "y", "origin": [0, 3, 0]},
			"faces": {
				"north": {"uv": [0, 13, 5, 12], "texture": "#0"},
				"east": {"uv": [3, 11, 5, 10], "texture": "#0"},
				"south": {"uv": [0, 10, 5, 9], "texture": "#0"},
				"west": {"uv": [11, 1, 13, 0], "texture": "#0"},
				"up": {"uv": [4, 2, 9, 0], "texture": "#0"},
				"down": {"uv": [6, 14, 11, 12], "texture": "#0"}
			}
		},
		{
			"from": [6, -1, 17],
			"to": [11, 0, 19],
			"rotation": {"angle": -22.5, "axis": "y", "origin": [8, 3, 8]},
			"faces": {
				"north": {"uv": [0, 9, 5, 8], "texture": "#0"},
				"east": {"uv": [10, 11, 12, 10], "texture": "#0"},
				"south": {"uv": [1, 11, 6, 10], "texture": "#0"},
				"west": {"uv": [11, 5, 13, 4], "texture": "#0"},
				"up": {"uv": [4, 2, 9, 0], "rotation": 180, "texture": "#0"},
				"down": {"uv": [9, 9, 14, 7], "rotation": 180, "texture": "#0"}
			}
		},
		{
			"from": [-3, -0.99, 6],
			"to": [-1, 0.01, 11],
			"rotation": {"angle": 45, "axis": "y", "origin": [8, 3, 8]},
			"faces": {
				"north": {"uv": [0, 5, 2, 4], "texture": "#0"},
				"east": {"uv": [0, 9, 5, 8], "texture": "#0"},
				"south": {"uv": [4, 11, 6, 10], "texture": "#0"},
				"west": {"uv": [10, 11, 15, 10], "texture": "#0"},
				"up": {"uv": [9, 0, 4, 2], "rotation": 90, "texture": "#0"},
				"down": {"uv": [11, 13, 6, 15], "rotation": 270, "texture": "#0"}
			}
		},
		{
			"from": [-3, -1, 6],
			"to": [-1, 0, 11],
			"rotation": {"angle": 22.5, "axis": "y", "origin": [8, 3, 8]},
			"faces": {
				"north": {"uv": [0, 13, 2, 12], "texture": "#0"},
				"east": {"uv": [0, 7, 5, 6], "texture": "#0"},
				"south": {"uv": [3, 12, 5, 11], "texture": "#0"},
				"west": {"uv": [8, 11, 13, 10], "texture": "#0"},
				"up": {"uv": [4, 5, 6, 0], "texture": "#0"},
				"down": {"uv": [9, 12, 4, 14], "rotation": 90, "texture": "#0"}
			}
		},
		{
			"from": [-3, -0.99, 6],
			"to": [-1, 0.01, 11],
			"rotation": {"angle": 0, "axis": "y", "origin": [0, 3, 0]},
			"faces": {
				"north": {"uv": [0, 13, 2, 12], "texture": "#0"},
				"east": {"uv": [7, 3, 12, 2], "texture": "#0"},
				"south": {"uv": [1, 11, 3, 10], "texture": "#0"},
				"west": {"uv": [8, 11, 13, 10], "texture": "#0"},
				"up": {"uv": [4, 5, 6, 0], "texture": "#0"},
				"down": {"uv": [16, 12, 11, 14], "rotation": 90, "texture": "#0"}
			}
		},
		{
			"from": [-3, -1, 6],
			"to": [-1, 0, 11],
			"rotation": {"angle": -22.5, "axis": "y", "origin": [8, 3, 8]},
			"faces": {
				"north": {"uv": [0, 5, 2, 4], "texture": "#0"},
				"east": {"uv": [0, 10, 5, 9], "texture": "#0"},
				"south": {"uv": [13, 9, 15, 8], "texture": "#0"},
				"west": {"uv": [11, 13, 16, 12], "texture": "#0"},
				"up": {"uv": [9, 0, 4, 2], "rotation": 90, "texture": "#0"},
				"down": {"uv": [12, 6, 7, 8], "rotation": 270, "texture": "#0"}
			}
		},
		{
			"from": [5, -0.99, -3],
			"to": [10, 0.01, -1],
			"rotation": {"angle": 45, "axis": "y", "origin": [8, 3, 8]},
			"faces": {
				"north": {"uv": [6, 14, 11, 13], "texture": "#0"},
				"east": {"uv": [0, 5, 2, 4], "texture": "#0"},
				"south": {"uv": [1, 11, 6, 10], "texture": "#0"},
				"west": {"uv": [9, 7, 11, 6], "texture": "#0"},
				"up": {"uv": [4, 2, 9, 0], "texture": "#0"},
				"down": {"uv": [3, 6, 8, 4], "texture": "#0"}
			}
		},
		{
			"from": [5, -1, -3],
			"to": [10, 0, -1],
			"rotation": {"angle": 22.5, "axis": "y", "origin": [8, 3, 8]},
			"faces": {
				"north": {"uv": [3, 5, 8, 4], "texture": "#0"},
				"east": {"uv": [0, 5, 2, 4], "texture": "#0"},
				"south": {"uv": [2, 11, 7, 10], "texture": "#0"},
				"west": {"uv": [1, 4, 3, 3], "texture": "#0"},
				"up": {"uv": [4, 2, 9, 0], "texture": "#0"},
				"down": {"uv": [7, 9, 12, 7], "texture": "#0"}
			}
		},
		{
			"from": [5, -0.99, -3],
			"to": [10, 0.01, -1],
			"rotation": {"angle": 0, "axis": "y", "origin": [8, 3, 8]},
			"faces": {
				"north": {"uv": [10, 15, 15, 14], "texture": "#0"},
				"east": {"uv": [0, 5, 2, 4], "texture": "#0"},
				"south": {"uv": [1, 10, 6, 9], "texture": "#0"},
				"west": {"uv": [1, 4, 3, 3], "texture": "#0"},
				"up": {"uv": [4, 2, 9, 0], "texture": "#0"},
				"down": {"uv": [6, 8, 11, 6], "texture": "#0"}
			}
		},
		{
			"from": [5, -1, -3],
			"to": [10, 0, -1],
			"rotation": {"angle": -22.5, "axis": "y", "origin": [8, 3, 8]},
			"faces": {
				"north": {"uv": [6, 14, 11, 13], "texture": "#0"},
				"east": {"uv": [0, 5, 2, 4], "texture": "#0"},
				"south": {"uv": [7, 11, 12, 10], "texture": "#0"},
				"west": {"uv": [13, 5, 15, 4], "texture": "#0"},
				"up": {"uv": [4, 2, 9, 0], "texture": "#0"},
				"down": {"uv": [0, 8, 5, 6], "texture": "#0"}
			}
		},
		{
			"from": [17, -0.99, 5],
			"to": [19, 0.01, 10],
			"rotation": {"angle": 45, "axis": "y", "origin": [8, 3, 8]},
			"faces": {
				"north": {"uv": [0, 1, 2, 0], "texture": "#0"},
				"east": {"uv": [0, 13, 5, 12], "texture": "#0"},
				"south": {"uv": [0, 5, 2, 4], "texture": "#0"},
				"west": {"uv": [7, 11, 12, 10], "texture": "#0"},
				"up": {"uv": [9, 0, 4, 2], "rotation": 270, "texture": "#0"},
				"down": {"uv": [11, 6, 6, 8], "rotation": 90, "texture": "#0"}
			}
		},
		{
			"from": [17, -1, 5],
			"to": [19, 0, 10],
			"rotation": {"angle": 22.5, "axis": "y", "origin": [8, 3, 8]},
			"faces": {
				"north": {"uv": [0, 13, 2, 12], "texture": "#0"},
				"east": {"uv": [0, 7, 5, 6], "texture": "#0"},
				"south": {"uv": [0, 9, 2, 8], "texture": "#0"},
				"west": {"uv": [6, 11, 11, 10], "texture": "#0"},
				"up": {"uv": [4, 5, 6, 0], "texture": "#0"},
				"down": {"uv": [7, 6, 2, 8], "rotation": 90, "texture": "#0"}
			}
		},
		{
			"from": [17, -0.99, 5],
			"to": [19, 0.01, 10],
			"rotation": {"angle": 0, "axis": "y", "origin": [0, 3, 0]},
			"faces": {
				"north": {"uv": [0, 13, 2, 12], "texture": "#0"},
				"east": {"uv": [0, 5, 5, 4], "texture": "#0"},
				"south": {"uv": [0, 9, 2, 8], "texture": "#0"},
				"west": {"uv": [9, 10, 14, 9], "texture": "#0"},
				"up": {"uv": [4, 5, 6, 0], "texture": "#0"},
				"down": {"uv": [15, 12, 10, 14], "rotation": 90, "texture": "#0"}
			}
		}
	],
	"display": {
		"thirdperson_righthand": {
			"rotation": [65.25, 0, 0],
			"translation": [-6.5, 0, 12.5]
		},
		"thirdperson_lefthand": {
			"rotation": [-22.5, 0, 0],
			"translation": [-6, 3.5, 16]
		},
		"firstperson_righthand": {
			"rotation": [43.25, 0, 0],
			"translation": [2, 6.5, 3.5],
			"scale": [0.5, 0.5, 0.5]
		},
		"firstperson_lefthand": {
			"rotation": [27.25, 0, 0],
			"translation": [11.75, 9.25, 0]
		},
		"ground": {
			"translation": [0, 10, 0]
		},
		"gui": {
			"rotation": [32.02, 14.6, 17.25],
			"translation": [-1.25, 3.5, 0],
			"scale": [0.7, 0.7, 0.7]
		},
		"head": {
			"rotation": [-174.16, -12.47, 155.58],
			"translation": [-7, 13.25, 4],
			"scale": [0.8, 0.8, 0.8]
		},
		"fixed": {
			"rotation": [-90, 0, 0],
			"translation": [0, 0, -8]
		}
	},
	"groups": [
		{
			"name": "Small cilinder",
			"origin": [0, 1, 0],
			"color": 0,
			"children": [0, 1, 2, 3, 4, 5, 6, 7, 8, 9, 10, 11, 12, 13, 14, 15]
		},
		{
			"name": "group",
			"origin": [0, 1, 0],
			"color": 0,
			"children": [16, 17, 18, 19, 20, 21, 22, 23, 24, 25, 26, 27, 28, 29, 30, 31]
		},
		{
			"name": "Small cilinder",
			"origin": [0, 1, 0],
			"color": 0,
			"children": [32, 33, 34, 35, 36, 37, 38, 39, 40, 41, 42, 43, 44, 45, 46, 47]
		}
	]
}