{
	"credit": "Made with Blockbench",
	"texture_size": [32, 32],
	"textures": {
		"0": "item/gear/laurel",
		"particle": "item/gear/laurel"
	},
	"elements": [
		{
			"from": [1.5, 9, 1.5],
			"to": [14.5, 13, 1.5],
			"faces": {
				"north": {"uv": [0, 4, 6.5, 6], "texture": "#0"},
				"east": {"uv": [0, 0, 0, 3], "texture": "#missing"},
				"south": {"uv": [0, 4, 6.5, 6], "texture": "#0"},
				"west": {"uv": [0, 0, 0, 3], "texture": "#missing"},
				"up": {"uv": [0, 0, 6.5, 0], "texture": "#missing"},
				"down": {"uv": [0, 0, 6.5, 0], "texture": "#missing"}
			}
		},
		{
			"from": [1.5, 8, 14.5],
			"to": [14.5, 12, 14.5],
			"faces": {
				"north": {"uv": [9, 9, 15.5, 11], "texture": "#0"},
				"east": {"uv": [0, 0, 0, 3.5], "texture": "#missing"},
				"south": {"uv": [2.5, 7, 9, 9], "texture": "#0"},
				"west": {"uv": [0, 0, 0, 3.5], "texture": "#missing"},
				"up": {"uv": [0, 0, 6.5, 0], "texture": "#missing"},
				"down": {"uv": [0, 0, 6.5, 0], "texture": "#missing"}
			}
		},
		{
			"from": [1.5, 9, 1.5],
			"to": [1.5, 13, 14.5],
			"faces": {
				"north": {"uv": [0, 0, 0, 3], "texture": "#missing"},
				"east": {"uv": [8.5, 7, 15, 9], "texture": "#0"},
				"south": {"uv": [0, 0, 0, 3], "texture": "#missing"},
				"west": {"uv": [0.5, 9, 7, 11], "texture": "#0"},
				"up": {"uv": [0, 0, 0, 6.5], "texture": "#missing"},
				"down": {"uv": [0, 0, 0, 6.5], "texture": "#missing"}
			}
		},
		{
			"from": [14.5, 9, 1.5],
			"to": [14.5, 13, 14.5],
			"faces": {
				"north": {"uv": [0, 0, 0, 3], "texture": "#missing"},
				"east": {"uv": [6.5, 7, 13, 9], "texture": "#0"},
				"south": {"uv": [0, 0, 0, 3], "texture": "#missing"},
				"west": {"uv": [3, 9, 9.5, 11], "texture": "#0"},
				"up": {"uv": [0, 0, 0, 6.5], "texture": "#missing"},
				"down": {"uv": [0, 0, 0, 6.5], "texture": "#missing"}
			}
		},
		{
			"from": [15, 10, 1],
			"to": [15, 14, 15],
			"faces": {
				"north": {"uv": [0, 0, 0, 3], "texture": "#missing"},
				"east": {"uv": [8, 0, 15, 2], "texture": "#0"},
				"south": {"uv": [0, 0, 0, 3], "texture": "#missing"},
				"west": {"uv": [1.5, 0, 8.5, 2], "texture": "#0"},
				"up": {"uv": [0, 0, 0, 7], "texture": "#missing"},
				"down": {"uv": [0, 0, 0, 7], "texture": "#missing"}
			}
		},
		{
			"from": [1, 10, 1],
			"to": [1, 14, 15],
			"faces": {
				"north": {"uv": [0, 0, 0, 3.5], "texture": "#missing"},
				"east": {"uv": [0.5, 2, 7.5, 4], "texture": "#0"},
				"south": {"uv": [0, 0, 0, 3.5], "texture": "#missing"},
				"west": {"uv": [9, 2, 16, 4], "texture": "#0"},
				"up": {"uv": [0, 0, 0, 7], "texture": "#missing"},
				"down": {"uv": [0, 0, 0, 7], "texture": "#missing"}
			}
		},
		{
			"from": [1, 9, 15],
			"to": [15, 13, 15],
			"faces": {
				"north": {"uv": [0.5, 2, 7.5, 4], "texture": "#0"},
				"east": {"uv": [0, 0, 0, 3.5], "texture": "#missing"},
				"south": {"uv": [9, 2, 16, 4], "texture": "#0"},
				"west": {"uv": [0, 0, 0, 3.5], "texture": "#missing"},
				"up": {"uv": [0, 0, 7, 0], "texture": "#missing"},
				"down": {"uv": [0, 0, 7, 0], "texture": "#missing"}
			}
		},
		{
			"from": [1, 10, 1],
			"to": [15, 14, 1],
			"faces": {
				"north": {"uv": [9, 4, 16, 6], "texture": "#0"},
				"east": {"uv": [0, 0, 0, 3.5], "texture": "#missing"},
				"south": {"uv": [0, 4, 7, 6], "texture": "#0"},
				"west": {"uv": [0, 0, 0, 3.5], "texture": "#missing"},
				"up": {"uv": [0, 0, 7, 0], "texture": "#missing"},
				"down": {"uv": [0, 0, 7, 0], "texture": "#missing"}
			}
		}
	],
	"display": {
		"head": {
			"translation": [0, -1.5, 0],
			"scale": [1.2, 1.2, 1.2]
		}
	},
	"groups": [
		{
			"name": "ring 1",
			"origin": [8, 8, 8],
			"color": 0,
			"children": [0, 1, 2, 3]
		},
		{
			"name": "Ring 2",
			"origin": [8, 8, 8],
			"color": 0,
			"children": [4, 5, 6, 7]
		}
	]
}