{
	"textures": {
		"bottom": "item/crates/box_mythic_b",
		"front": "item/crates/box_mythic_f",
		"side": "item/crates/box_mythic_s",
		"top": "item/crates/box_mythic_t",
		"particle": "item/crates/box_mythic_t"
	},
	"display": {
        "gui": {
            "rotation": [ 30, 225, 0 ],
            "translation": [ 0, 0, 0],
            "scale":[ 0.625, 0.625, 0.625 ]
        },
        "ground": {
            "rotation": [ 0, 0, 0 ],
            "translation": [ 0, 3, 0],
            "scale":[ 0.25, 0.25, 0.25 ]
        },
        "head": {
            "rotation": [ 0, 180, 0 ],
            "translation": [ 0, 0, 0],
            "scale":[ 1, 1, 1]
        },
        "fixed": {
            "rotation": [ 0, 180, 0 ],
            "translation": [ 0, 0, 0],
            "scale":[ 0.5, 0.5, 0.5 ]
        },
        "thirdperson_righthand": {
            "rotation": [ 75, 315, 0 ],
            "translation": [ 0, 2.5, 0],
            "scale": [ 0.375, 0.375, 0.375 ]
        },
        "firstperson_righthand": {
            "rotation": [ 0, 315, 0 ],
            "translation": [ 0, 0, 0],
            "scale": [ 0.4, 0.4, 0.4 ]
        }
    },
	"elements": [
		{
			"from": [1, 0, 1],
			"to": [15, 14, 15],
			"faces": {
				"north": {"uv": [0, 0, 14, 14], "texture": "#front"},
				"east": {"uv": [0, 0, 14, 14], "texture": "#side"},
				"south": {"uv": [0, 0, 14, 14], "texture": "#side"},
				"west": {"uv": [0, 0, 14, 14], "texture": "#side"},
				"up": {"uv": [0, 0, 14, 14], "texture": "#top"},
				"down": {"uv": [0, 0, 14, 14], "texture": "#bottom"}
			}
		}
	]
}