{
	"credit": "Made with Blockbench",
	"textures": {
		"0": "item/gear/sprout",
		"particle": "item/gear/sprout"
	},
	"elements": [
		{
			"from": [7.99, 6, 7.01],
			"to": [8.99, 8, 8.01],
			"faces": {
				"north": {"uv": [12, 4, 13, 6], "texture": "#0"},
				"east": {"uv": [11, 2, 12, 4], "texture": "#0"},
				"south": {"uv": [13, 6, 12, 8], "texture": "#0"},
				"west": {"uv": [11, 4, 12, 6], "texture": "#0"},
				"up": {"uv": [2, 0, 3, 1], "texture": "#0"},
				"down": {"uv": [0, 0, 0.5, 0.5], "texture": "#0"}
			}
		},
		{
			"from": [5.99, 10, 0.01],
			"to": [10.99, 10, 4.01],
			"rotation": {"angle": 22.5, "axis": "x", "origin": [0, 0, 0]},
			"faces": {
				"north": {"uv": [0, 0, 2.5, 0], "texture": "#0"},
				"east": {"uv": [0, 0, 2, 0], "texture": "#0"},
				"south": {"uv": [0, 0, 2.5, 0], "texture": "#0"},
				"west": {"uv": [0, 0, 2, 0], "texture": "#0"},
				"up": {"uv": [0, 4, 5, 0], "texture": "#0"},
				"down": {"uv": [0, 0, 5, 4], "texture": "#0"}
			}
		},
		{
			"from": [5.99, 6.1, 3.8],
			"to": [10.99, 9.1, 3.8],
			"rotation": {"angle": 45, "axis": "x", "origin": [10, 9, 4]},
			"faces": {
				"north": {"uv": [0, 8, 5, 5], "rotation": 180, "texture": "#0"},
				"east": {"uv": [0, 0, 1.5, 0], "rotation": 270, "texture": "#0"},
				"south": {"uv": [5, 5, 0, 8], "texture": "#0"},
				"west": {"uv": [0, 0, 1.5, 0], "rotation": 90, "texture": "#0"},
				"up": {"uv": [2, 0, 7, 0], "rotation": 180, "texture": "#0"},
				"down": {"uv": [0, 0, 2.5, 0], "texture": "#0"}
			}
		},
		{
			"from": [5.99, 8.1, 10.8],
			"to": [10.99, 11.1, 10.8],
			"rotation": {"angle": 45, "axis": "x", "origin": [10, 11, 11]},
			"faces": {
				"north": {"uv": [5, 0, 10, 3], "rotation": 180, "texture": "#0"},
				"east": {"uv": [0, 0, 1.5, 0], "rotation": 270, "texture": "#0"},
				"south": {"uv": [5, 3, 10, 0], "texture": "#0"},
				"west": {"uv": [0, 0, 1.5, 0], "rotation": 90, "texture": "#0"},
				"up": {"uv": [2, 0, 7, 0], "rotation": 180, "texture": "#0"},
				"down": {"uv": [0, 0, 2.5, 0], "texture": "#0"}
			}
		},
		{
			"from": [5.99, 12, 7.01],
			"to": [10.99, 12, 11.01],
			"rotation": {"angle": 22.5, "axis": "x", "origin": [0, 2, 7]},
			"faces": {
				"north": {"uv": [0, 0, 2.5, 0], "texture": "#0"},
				"east": {"uv": [0, 0, 2, 0], "texture": "#0"},
				"south": {"uv": [0, 0, 2.5, 0], "texture": "#0"},
				"west": {"uv": [0, 0, 2, 0], "texture": "#0"},
				"up": {"uv": [5, 4, 10, 8], "texture": "#0"},
				"down": {"uv": [5, 8, 10, 4], "texture": "#0"}
			}
		},
		{
			"from": [7, 3, 7],
			"to": [9, 6, 9],
			"faces": {
				"north": {"uv": [14, 5, 16, 8], "texture": "#0"},
				"east": {"uv": [12, 5, 14, 8], "texture": "#0"},
				"south": {"uv": [11, 5, 13, 8], "texture": "#0"},
				"west": {"uv": [13, 7, 15, 10], "texture": "#0"},
				"up": {"uv": [1, 2, 3, 4], "texture": "#0"},
				"down": {"uv": [0, 0, 1, 1], "texture": "#0"}
			}
		},
		{
			"from": [7.01, 6, 7.99],
			"to": [8.01, 10, 8.99],
			"faces": {
				"north": {"uv": [16, 0, 15, 4], "texture": "#0"},
				"east": {"uv": [14, 4, 15, 8], "texture": "#0"},
				"south": {"uv": [15, 5, 16, 9], "texture": "#0"},
				"west": {"uv": [14, 0, 15, 4], "texture": "#0"},
				"up": {"uv": [2, 0, 3, 1], "texture": "#0"},
				"down": {"uv": [0, 0, 0.5, 0.5], "texture": "#0"}
			}
		},
		{
			"from": [6.5, 0, 6.5],
			"to": [9.5, 3, 9.5],
			"faces": {
				"north": {"uv": [6, 2, 9, 5], "texture": "#0"},
				"east": {"uv": [12, 13, 15, 16], "texture": "#0"},
				"south": {"uv": [5, 10, 8, 13], "texture": "#0"},
				"west": {"uv": [6, 13, 9, 16], "texture": "#0"},
				"up": {"uv": [0, 12, 3, 15], "texture": "#0"},
				"down": {"uv": [9, 8, 12, 11], "texture": "#0"}
			}
		}
	],
	"display": {
		"thirdperson_righthand": {
			"translation": [0, 7, 2.25]
		},
		"thirdperson_lefthand": {
			"translation": [0, 7, 2.25]
		},
		"firstperson_righthand": {
			"translation": [2.5, 1.75, -0.75]
		},
		"ground": {
			"translation": [0, 1, 0]
		},
		"gui": {
			"rotation": [24, 55, 0],
			"translation": [0, 3, 0],
			"scale": [1.2, 1.2, 1.2]
		},
		"head": {
			"rotation": [0, 60, 9],
			"translation": [-0.5, 12, 1.25]
		},
		"fixed": {
			"rotation": [-90, 0, 0],
			"translation": [0, 0, -15],
			"scale": [2, 2, 2]
		}
	}
}