{
	"credit": "Made with Blockbench",
	"textures": {
		"0": "block/white_tulip",
		"1": "block/snow",
		"particle": "block/white_tulip"
	},
	"elements": [
		{
			"from": [8, 0, 4],
			"to": [8, 13, 11],
			"faces": {
				"north": {"uv": [0, 0, 0, 11], "texture": "#missing"},
				"east": {"uv": [4, 3, 11, 16], "texture": "#0"},
				"south": {"uv": [0, 0, 0, 11], "texture": "#missing"},
				"west": {"uv": [4, 3, 11, 16], "texture": "#0"},
				"up": {"uv": [0, 0, 0, 7], "texture": "#missing"},
				"down": {"uv": [0, 0, 0, 7], "texture": "#missing"}
			}
		},
		{
			"from": [7.9, 11, 6],
			"to": [7.9, 17, 9],
			"faces": {
				"north": {"uv": [0, 0, 0, 11], "texture": "#missing"},
				"east": {"uv": [4, 3, 6, 7], "texture": "#1"},
				"south": {"uv": [0, 0, 0, 11], "texture": "#missing"},
				"west": {"uv": [4, 3, 11, 16], "texture": "#1"},
				"up": {"uv": [0, 0, 0, 7], "texture": "#missing"},
				"down": {"uv": [0, 0, 0, 7], "texture": "#missing"}
			}
		},
		{
			"from": [7.9, 17, 7],
			"to": [7.9, 18, 8],
			"faces": {
				"north": {"uv": [0, 0, 0, 11], "texture": "#missing"},
				"east": {"uv": [4, 3, 6, 7], "texture": "#1"},
				"south": {"uv": [0, 0, 0, 11], "texture": "#missing"},
				"west": {"uv": [4, 3, 11, 16], "texture": "#1"},
				"up": {"uv": [0, 0, 0, 7], "texture": "#missing"},
				"down": {"uv": [0, 0, 0, 7], "texture": "#missing"}
			}
		},
		{
			"from": [8, 12, 2],
			"to": [8, 15, 6],
			"faces": {
				"north": {"uv": [0, 0, 0, 3], "texture": "#missing"},
				"east": {"uv": [6, 3, 9, 7], "rotation": 90, "texture": "#0"},
				"south": {"uv": [0, 0, 0, 3], "texture": "#missing"},
				"west": {"uv": [0, 0, 4, 3], "texture": "#0"},
				"up": {"uv": [0, 0, 0, 4], "texture": "#missing"},
				"down": {"uv": [0, 0, 0, 4], "texture": "#missing"}
			}
		},
		{
			"from": [8, 12, 9],
			"to": [8, 15, 13],
			"rotation": {"angle": 0, "axis": "y", "origin": [8, 0, 9]},
			"faces": {
				"north": {"uv": [0, 0, 0, 3], "texture": "#missing"},
				"east": {"uv": [6, 7, 9, 3], "rotation": 90, "texture": "#0"},
				"south": {"uv": [0, 0, 0, 3], "texture": "#missing"},
				"west": {"uv": [0, 0, 4, 3], "texture": "#0"},
				"up": {"uv": [0, 0, 0, 4], "texture": "#missing"},
				"down": {"uv": [0, 0, 0, 4], "texture": "#missing"}
			}
		},
		{
			"from": [8.1, 12, 8],
			"to": [8.1, 16, 11],
			"rotation": {"angle": 0, "axis": "y", "origin": [8, 0, 9]},
			"faces": {
				"north": {"uv": [0, 0, 0, 3], "texture": "#missing"},
				"east": {"uv": [9, 3, 6, 7], "texture": "#0"},
				"south": {"uv": [0, 0, 0, 3], "texture": "#missing"},
				"west": {"uv": [0, 0, 4, 3], "texture": "#0"},
				"up": {"uv": [0, 0, 0, 4], "texture": "#missing"},
				"down": {"uv": [0, 0, 0, 4], "texture": "#missing"}
			}
		},
		{
			"from": [8.1, 12, 4],
			"to": [8.1, 16, 7],
			"rotation": {"angle": 0, "axis": "y", "origin": [8, 0, 9]},
			"faces": {
				"north": {"uv": [0, 0, 0, 3], "texture": "#missing"},
				"east": {"uv": [9, 3, 6, 7], "texture": "#0"},
				"south": {"uv": [0, 0, 0, 3], "texture": "#missing"},
				"west": {"uv": [0, 0, 4, 3], "texture": "#0"},
				"up": {"uv": [0, 0, 0, 4], "texture": "#missing"},
				"down": {"uv": [0, 0, 0, 4], "texture": "#missing"}
			}
		},
		{
			"from": [8, 13, 9],
			"to": [8, 16, 13],
			"rotation": {"angle": -22.5, "axis": "y", "origin": [8, 0, 9]},
			"faces": {
				"north": {"uv": [0, 0, 0, 3], "texture": "#missing"},
				"east": {"uv": [6, 7, 9, 3], "rotation": 90, "texture": "#0"},
				"south": {"uv": [0, 0, 0, 3], "texture": "#missing"},
				"west": {"uv": [0, 0, 4, 3], "texture": "#0"},
				"up": {"uv": [0, 0, 0, 4], "texture": "#missing"},
				"down": {"uv": [0, 0, 0, 4], "texture": "#missing"}
			}
		},
		{
			"from": [8, 14, 9],
			"to": [8, 17, 13],
			"rotation": {"angle": -45, "axis": "y", "origin": [8, 0, 9]},
			"faces": {
				"north": {"uv": [0, 0, 0, 3], "texture": "#missing"},
				"east": {"uv": [6, 7, 9, 3], "rotation": 90, "texture": "#0"},
				"south": {"uv": [0, 0, 0, 3], "texture": "#missing"},
				"west": {"uv": [0, 0, 4, 3], "texture": "#0"},
				"up": {"uv": [0, 0, 0, 4], "texture": "#missing"},
				"down": {"uv": [0, 0, 0, 4], "texture": "#missing"}
			}
		},
		{
			"from": [8, 13, 2],
			"to": [8, 16, 6],
			"rotation": {"angle": 22.5, "axis": "y", "origin": [8, 13, 6]},
			"faces": {
				"north": {"uv": [0, 0, 0, 3], "texture": "#missing"},
				"east": {"uv": [6, 3, 9, 7], "rotation": 90, "texture": "#0"},
				"south": {"uv": [0, 0, 0, 3], "texture": "#missing"},
				"west": {"uv": [0, 0, 4, 3], "texture": "#0"},
				"up": {"uv": [0, 0, 0, 4], "texture": "#missing"},
				"down": {"uv": [0, 0, 0, 4], "texture": "#missing"}
			}
		},
		{
			"from": [8, 14, 2],
			"to": [8, 17, 6],
			"rotation": {"angle": 45, "axis": "y", "origin": [8, 13, 6]},
			"faces": {
				"north": {"uv": [0, 0, 0, 3], "texture": "#missing"},
				"east": {"uv": [6, 3, 9, 7], "rotation": 90, "texture": "#0"},
				"south": {"uv": [0, 0, 0, 3], "texture": "#missing"},
				"west": {"uv": [0, 0, 4, 3], "texture": "#0"},
				"up": {"uv": [0, 0, 0, 4], "texture": "#missing"},
				"down": {"uv": [0, 0, 0, 4], "texture": "#missing"}
			}
		},
		{
			"from": [4, 1, 10],
			"to": [4, 8, 13],
			"rotation": {"angle": 22.5, "axis": "y", "origin": [0, 0, 0]},
			"faces": {
				"north": {"uv": [0, 0, 0, 7], "texture": "#missing"},
				"east": {"uv": [11, 6, 8, 14], "texture": "#0"},
				"south": {"uv": [0, 0, 0, 7], "texture": "#missing"},
				"west": {"uv": [0, 0, 4, 7], "texture": "#missing"},
				"up": {"uv": [0, 0, 0, 4], "texture": "#missing"},
				"down": {"uv": [0, 0, 0, 4], "texture": "#missing"}
			}
		}
	],
	"display": {
		"fixed": {
			"rotation": [-90, 0, 0],
			"translation": [0, 0, -6.25],
			"scale": [3, 3, 3]
		}
	}
}