{
	"credit": "Made with Blockbench",
	"textures": {
		"1": "item/gear/brush"
	},
	"elements": [
		{
			"from": [7, 0, 7],
			"to": [9, 10, 9],
			"faces": {
				"north": {"uv": [1, 0, 6.5, 1], "rotation": 90, "texture": "#1"},
				"east": {"uv": [1, 3, 6.5, 4], "rotation": 90, "texture": "#1"},
				"south": {"uv": [1, 2, 6.5, 3], "rotation": 90, "texture": "#1"},
				"west": {"uv": [1, 1, 6.5, 2], "rotation": 90, "texture": "#1"},
				"up": {"uv": [0, 0, 1, 1], "texture": "#1"},
				"down": {"uv": [0, 0, 1, 1], "texture": "#1"}
			}
		},
		{
			"from": [7, 13, 6],
			"to": [9.01, 16, 8],
			"rotation": {"angle": -22.5, "axis": "x", "origin": [8, 15, 8]},
			"faces": {
				"north": {"uv": [12, 5, 13, 6.5], "texture": "#1"},
				"east": {"uv": [15, 5, 16, 6.5], "texture": "#1"},
				"south": {"uv": [0, 0, 2, 3], "texture": "#1"},
				"west": {"uv": [14, 7.5, 15, 9], "texture": "#1"},
				"up": {"uv": [12, 8, 13, 9], "texture": "#1"},
				"down": {"uv": [12.5, 8, 13.5, 9], "texture": "#1"}
			}
		},
		{
			"from": [7, 13, 8],
			"to": [9, 16, 10],
			"rotation": {"angle": 22.5, "axis": "x", "origin": [8, 15, 8]},
			"faces": {
				"north": {"uv": [0, 0, 2, 3], "texture": "#1"},
				"east": {"uv": [14, 7.5, 15, 9], "texture": "#1"},
				"south": {"uv": [12, 5, 13, 6.5], "texture": "#1"},
				"west": {"uv": [14, 6, 15, 7.5], "texture": "#1"},
				"up": {"uv": [15, 4, 16, 5], "texture": "#1"},
				"down": {"uv": [13.5, 6.5, 14.5, 7.5], "texture": "#1"}
			}
		},
		{
			"from": [8, 13, 7],
			"to": [10, 16, 9],
			"rotation": {"angle": -22.5, "axis": "z", "origin": [8, 15, 8]},
			"faces": {
				"north": {"uv": [15, 6, 16, 7.5], "texture": "#1"},
				"east": {"uv": [15, 7.5, 16, 9], "texture": "#1"},
				"south": {"uv": [14, 7, 15, 8.5], "texture": "#1"},
				"west": {"uv": [0, 0, 2, 3], "texture": "#1"},
				"up": {"uv": [13, 6.5, 15, 8.5], "texture": "#1"},
				"down": {"uv": [13.5, 7, 14.5, 8], "texture": "#1"}
			}
		},
		{
			"from": [7.75, 13.5, 7.01],
			"to": [9.75, 16.5, 8.99],
			"rotation": {"angle": 45, "axis": "z", "origin": [8, 15, 8]},
			"faces": {
				"north": {"uv": [12, 4.5, 13, 6], "texture": "#1"},
				"east": {"uv": [14, 4, 15, 5.5], "texture": "#1"},
				"south": {"uv": [12, 7.5, 13, 9], "texture": "#1"},
				"west": {"uv": [0, 0, 1.98, 3], "texture": "#1"},
				"up": {"uv": [0, 0, 2, 1.98], "texture": "#1"},
				"down": {"uv": [12, 8, 13, 9], "texture": "#1"}
			}
		},
		{
			"from": [7.01, 13.5, 7.75],
			"to": [8.99, 16.5, 9.75],
			"rotation": {"angle": -45, "axis": "x", "origin": [8, 15, 8]},
			"faces": {
				"north": {"uv": [0, 0, 1.98, 3], "texture": "#1"},
				"east": {"uv": [12, 4.5, 13, 6], "texture": "#1"},
				"south": {"uv": [13, 4, 14, 5.5], "texture": "#1"},
				"west": {"uv": [12, 7.5, 13, 9], "texture": "#1"},
				"up": {"uv": [0, 0, 2, 1.98], "rotation": 90, "texture": "#1"},
				"down": {"uv": [12, 8, 13, 9], "rotation": 270, "texture": "#1"}
			}
		},
		{
			"from": [6, 13, 7],
			"to": [8, 16, 9],
			"rotation": {"angle": 22.5, "axis": "z", "origin": [8, 15, 8]},
			"faces": {
				"north": {"uv": [12, 7.5, 13, 9], "texture": "#1"},
				"east": {"uv": [0, 0, 2, 3], "texture": "#1"},
				"south": {"uv": [14, 7.5, 15, 9], "texture": "#1"},
				"west": {"uv": [14, 7.5, 15, 9], "texture": "#1"},
				"up": {"uv": [12.5, 8, 13.5, 9], "texture": "#1"},
				"down": {"uv": [13.5, 6.5, 14.5, 7.5], "texture": "#1"}
			}
		},
		{
			"from": [6, 14.2, 6.99],
			"to": [8, 17.2, 9.01],
			"rotation": {"angle": -22.5, "axis": "z", "origin": [8, 15, 8]},
			"faces": {
				"north": {"uv": [14, 4, 15, 5.5], "texture": "#1"},
				"east": {"uv": [13, 0.5, 13.5, 1], "texture": "#1"},
				"south": {"uv": [13.5, 4, 14.5, 5.5], "texture": "#1"},
				"west": {"uv": [13.5, 4, 14.5, 5.5], "texture": "#1"},
				"up": {"uv": [13, 2, 14, 3], "texture": "#1"},
				"down": {"uv": [0, 0, 2, 1.97], "texture": "#1"}
			}
		},
		{
			"from": [7.02, 14.2, 6],
			"to": [9, 17.2, 8],
			"rotation": {"angle": 22.5, "axis": "x", "origin": [8, 15, 8]},
			"faces": {
				"north": {"uv": [14, 3, 15, 4.5], "texture": "#1"},
				"east": {"uv": [13, 3, 14, 5], "texture": "#1"},
				"south": {"uv": [0, 0, 1.98, 3], "texture": "#1"},
				"west": {"uv": [14, 4.5, 14.5, 6], "texture": "#1"},
				"up": {"uv": [13.5, 0, 14.5, 1], "rotation": 90, "texture": "#1"},
				"down": {"uv": [0, 0, 2, 1.98], "rotation": 270, "texture": "#1"}
			}
		},
		{
			"from": [7.99, 15.8, 5.5],
			"to": [8.98, 17.8, 6.5],
			"rotation": {"angle": 45, "axis": "x", "origin": [8, 15, 8]},
			"faces": {
				"north": {"uv": [13, 0, 13.5, 1], "texture": "#1"},
				"east": {"uv": [13.5, 0, 14, 1], "texture": "#1"},
				"south": {"uv": [0, 0, 1, 2], "texture": "#1"},
				"west": {"uv": [15, 1.5, 15.5, 2.5], "texture": "#1"},
				"up": {"uv": [13.5, 2.5, 14.5, 3.5], "rotation": 90, "texture": "#1"},
				"down": {"uv": [14, 2.5, 15, 3.5], "rotation": 270, "texture": "#1"}
			}
		},
		{
			"from": [5.5, 15.8, 7.99],
			"to": [6.5, 17.8, 8.99],
			"rotation": {"angle": -45, "axis": "z", "origin": [8, 15, 8]},
			"faces": {
				"north": {"uv": [12.5, 0, 13, 1], "texture": "#1"},
				"east": {"uv": [0, 0, 1, 2], "texture": "#1"},
				"south": {"uv": [14, 0, 14.5, 1], "texture": "#1"},
				"west": {"uv": [13.5, 0, 14, 1], "texture": "#1"},
				"up": {"uv": [0, 0, 1, 1], "rotation": 90, "texture": "#1"},
				"down": {"uv": [0, 0, 1, 1], "rotation": 270, "texture": "#1"}
			}
		},
		{
			"from": [8, 15.2, 8],
			"to": [8.99, 19.2, 9],
			"rotation": {"angle": 0, "axis": "x", "origin": [8, 15, 8]},
			"faces": {
				"north": {"uv": [14.5, 0, 15, 2], "texture": "#1"},
				"east": {"uv": [14, 2, 14.5, 4], "texture": "#1"},
				"south": {"uv": [14, 3, 14.5, 5], "texture": "#1"},
				"west": {"uv": [13.5, 0, 14, 2], "texture": "#1"},
				"up": {"uv": [13.5, 0.5, 14, 1], "rotation": 90, "texture": "#1"},
				"down": {"uv": [0, 0, 1, 1], "rotation": 270, "texture": "#1"}
			}
		},
		{
			"from": [6.5, 10, 6.5],
			"to": [9.5, 13, 9.5],
			"rotation": {"angle": 0, "axis": "y", "origin": [8, 0, 8]},
			"faces": {
				"north": {"uv": [6.5, 3, 8, 4.5], "rotation": 270, "texture": "#1"},
				"east": {"uv": [6.5, 4.5, 8, 6], "rotation": 270, "texture": "#1"},
				"south": {"uv": [6.5, 0, 8, 1.5], "rotation": 270, "texture": "#1"},
				"west": {"uv": [6.5, 1.5, 8, 3], "rotation": 270, "texture": "#1"},
				"up": {"uv": [6.5, 7.5, 8, 9], "rotation": 270, "texture": "#1"},
				"down": {"uv": [6.5, 6, 8, 7.5], "rotation": 90, "texture": "#1"}
			}
		},
		{
			"from": [6.5, 8, 6.5],
			"to": [9.5, 9, 9.5],
			"rotation": {"angle": 0, "axis": "y", "origin": [8, 0, 8]},
			"faces": {
				"north": {"uv": [8, 3, 8.5, 4.5], "rotation": 270, "texture": "#1"},
				"east": {"uv": [8, 4.5, 8.5, 6], "rotation": 270, "texture": "#1"},
				"south": {"uv": [8, 0, 8.5, 1.5], "rotation": 270, "texture": "#1"},
				"west": {"uv": [8, 1.5, 8.5, 3], "rotation": 270, "texture": "#1"},
				"up": {"uv": [8, 7.5, 9.5, 9], "rotation": 270, "texture": "#1"},
				"down": {"uv": [8, 6, 9.5, 7.5], "rotation": 90, "texture": "#1"}
			}
		},
		{
			"from": [7.5, -1, 7.5],
			"to": [8.5, 0, 8.5],
			"faces": {
				"north": {"uv": [10, 0, 10.5, 0.5], "texture": "#1"},
				"east": {"uv": [9.5, 0, 10, 0.5], "texture": "#1"},
				"south": {"uv": [9, 0, 9.5, 0.5], "texture": "#1"},
				"west": {"uv": [8.5, 0, 9, 0.5], "texture": "#1"},
				"up": {"uv": [11, 0, 11.5, 0.5], "texture": "#1"},
				"down": {"uv": [10.5, 0, 11, 0.5], "texture": "#1"}
			}
		}
	],
	"display": {
		"thirdperson_righthand": {
			"translation": [0, 0.5, 2],
			"scale": [0.75, 0.75, 0.75]
		},
		"thirdperson_lefthand": {
			"translation": [0, 0.5, 2],
			"scale": [0.75, 0.75, 0.75]
		},
		"firstperson_righthand": {
			"rotation": [14.75, 0, 0],
			"translation": [1.5, 0.75, 0],
			"scale": [0.75, 0.75, 0.75]
		},
		"firstperson_lefthand": {
			"rotation": [12.25, -57, 0],
			"translation": [1.75, 0.75, 0],
			"scale": [0.75, 0.75, 0.75]
		},
		"gui": {
			"rotation": [0, 38.5, -42.25],
			"translation": [-1, -1, 0],
			"scale": [-1, 1, -1]
		},
		"fixed": {
			"rotation": [0, 0, 45],
			"translation": [0, -0.5, -3.25]
		}
	}
}