{
	"credit": "Made with Blockbench",
	"textures": {
		"0": "item/feather",
		"1": "item/gear/quizhat",
		"particle": "item/feather"
	},
	"elements": [
		{
			"from": [-2, 0, 0],
			"to": [18, 1.98, 16],
			"rotation": {"angle": 0, "axis": "y", "origin": [13, 8, 22]},
			"faces": {
				"north": {"uv": [0, 4, 16, 6], "texture": "#1"},
				"east": {"uv": [0, 5.5, 16, 7.5], "texture": "#1"},
				"south": {"uv": [0, 10.5, 16, 12.5], "texture": "#1"},
				"west": {"uv": [0, 6, 16, 8], "texture": "#1"},
				"up": {"uv": [0, 0, 10, 12.5], "texture": "#1"},
				"down": {"uv": [0, 0, 8, 8], "texture": "#1"}
			}
		},
		{
			"from": [-1, 0, 16],
			"to": [17, 2.01, 17],
			"rotation": {"angle": 0, "axis": "y", "origin": [13, 8, 38]},
			"faces": {
				"north": {"uv": [0, 5.5, 16, 7.5], "texture": "#1"},
				"east": {"uv": [0, 0, 1, 2], "texture": "#1"},
				"south": {"uv": [0, 4, 16, 6], "texture": "#1"},
				"west": {"uv": [0, 0, 1, 2], "texture": "#1"},
				"up": {"uv": [0, 14.5, 16, 15.5], "texture": "#1"},
				"down": {"uv": [0, 14.5, 16, 15.5], "texture": "#1"}
			}
		},
		{
			"from": [0, 0, 17],
			"to": [16, 2, 18],
			"rotation": {"angle": 0, "axis": "y", "origin": [13, 8, 39]},
			"faces": {
				"north": {"uv": [0, 0, 16, 2], "texture": "#1"},
				"east": {"uv": [0, 0, 1, 2], "texture": "#1"},
				"south": {"uv": [10, 0, 12, 16], "rotation": 90, "texture": "#1"},
				"west": {"uv": [0, 0, 1, 2], "texture": "#1"},
				"up": {"uv": [0, 15, 16, 16], "texture": "#1"},
				"down": {"uv": [0, 0, 8, 0.5], "texture": "#1"}
			}
		},
		{
			"from": [7, 4, 15],
			"to": [9, 6, 16],
			"rotation": {"angle": 0, "axis": "y", "origin": [13, 12, 37]},
			"faces": {
				"north": {"uv": [0, 0, 2, 2], "texture": "#1"},
				"east": {"uv": [15, 0, 16, 2], "texture": "#1"},
				"south": {"uv": [12, 0, 14, 2], "texture": "#1"},
				"west": {"uv": [15, 0, 16, 2], "texture": "#1"},
				"up": {"uv": [14, 0, 16, 1], "texture": "#1"},
				"down": {"uv": [14, 0, 16, 1], "texture": "#1"}
			}
		},
		{
			"from": [7, 7, 15],
			"to": [9, 10, 15.99],
			"rotation": {"angle": 0, "axis": "y", "origin": [13, 16, 37]},
			"faces": {
				"north": {"uv": [0, 0, 2, 3], "texture": "#1"},
				"east": {"uv": [15, 0, 16, 3], "texture": "#1"},
				"south": {"uv": [12, 1, 14, 4], "texture": "#1"},
				"west": {"uv": [15, 1, 16, 4], "texture": "#1"},
				"up": {"uv": [14, 0.5, 16, 1.5], "texture": "#1"},
				"down": {"uv": [14, 0, 16, 1], "texture": "#1"}
			}
		},
		{
			"from": [6, 14, 15],
			"to": [9.5, 16, 15.95],
			"rotation": {"angle": 0, "axis": "y", "origin": [13, 22, 37]},
			"faces": {
				"north": {"uv": [0, 0, 3.5, 2], "texture": "#1"},
				"east": {"uv": [13.5, 1.5, 14.45, 3.5], "texture": "#1"},
				"south": {"uv": [12.5, 1.5, 16, 3.5], "texture": "#1"},
				"west": {"uv": [13, 1.5, 13.95, 3.5], "texture": "#1"},
				"up": {"uv": [12.5, 1.5, 16, 2.45], "texture": "#1"},
				"down": {"uv": [12, 1, 15.5, 1.95], "texture": "#1"}
			}
		},
		{
			"from": [9.5, 11, 15],
			"to": [11.5, 14, 15.97],
			"rotation": {"angle": 0, "axis": "y", "origin": [16, 19, 37]},
			"faces": {
				"north": {"uv": [0, 0, 2, 3], "texture": "#1"},
				"east": {"uv": [13.5, 1, 14.47, 4], "texture": "#1"},
				"south": {"uv": [14, 1, 16, 4], "texture": "#1"},
				"west": {"uv": [13.5, 0.5, 14.47, 3.5], "texture": "#1"},
				"up": {"uv": [13.5, 1, 15.5, 1.97], "texture": "#1"},
				"down": {"uv": [0, 0, 2, 0.97], "texture": "#1"}
			}
		},
		{
			"from": [8, 8, 15],
			"to": [12, 10, 15.98],
			"rotation": {"angle": 45, "axis": "z", "origin": [8, 9, 15]},
			"faces": {
				"north": {"uv": [0, 0, 4, 2], "texture": "#1"},
				"east": {"uv": [15, 0, 16, 2], "texture": "#1"},
				"south": {"uv": [12, 1.5, 16, 3.5], "texture": "#1"},
				"west": {"uv": [0, 0, 1, 2], "texture": "#1"},
				"up": {"uv": [12, 1.5, 16, 2.5], "texture": "#1"},
				"down": {"uv": [12, 0, 16, 1], "texture": "#1"}
			}
		},
		{
			"from": [9, 15, 15],
			"to": [12, 17, 15.96],
			"rotation": {"angle": -45, "axis": "z", "origin": [8, 16, 15]},
			"faces": {
				"north": {"uv": [0, 0, 3, 2], "texture": "#1"},
				"east": {"uv": [15, 0, 15.96, 2], "texture": "#1"},
				"south": {"uv": [13, 2, 16, 4], "texture": "#1"},
				"west": {"uv": [0, 0, 0.96, 2], "texture": "#1"},
				"up": {"uv": [13, 1.5, 16, 2.46], "texture": "#1"},
				"down": {"uv": [12.5, 1, 15.5, 1.96], "texture": "#1"}
			}
		},
		{
			"from": [4.3284, 13, 15],
			"to": [7.3284, 15, 15.94],
			"rotation": {"angle": 45, "axis": "z", "origin": [5.5, 14, 15]},
			"faces": {
				"north": {"uv": [0, 0, 3, 2], "rotation": 180, "texture": "#1"},
				"east": {"uv": [0, 0, 0.94, 2], "rotation": 180, "texture": "#1"},
				"south": {"uv": [13, 0, 16, 2], "rotation": 180, "texture": "#1"},
				"west": {"uv": [15, 2, 15.94, 4], "rotation": 180, "texture": "#1"},
				"up": {"uv": [13, 0, 16, 0.94], "rotation": 180, "texture": "#1"},
				"down": {"uv": [13, 2.5, 16, 3.44], "rotation": 180, "texture": "#1"}
			}
		},
		{
			"from": [0, 0, -2],
			"to": [16, 2, -1],
			"rotation": {"angle": 0, "axis": "y", "origin": [13, 8, 20]},
			"faces": {
				"north": {"uv": [10, 0.5, 12, 16], "rotation": 90, "texture": "#1"},
				"east": {"uv": [0, 0, 1, 2], "texture": "#1"},
				"south": {"uv": [0, 0, 16, 2], "texture": "#1"},
				"west": {"uv": [0, 0, 1, 2], "texture": "#1"},
				"up": {"uv": [0, 14.5, 16, 15.5], "texture": "#1"},
				"down": {"uv": [0, 15, 16, 16], "texture": "#1"}
			}
		},
		{
			"from": [-1, 0, -1],
			"to": [17, 2, 0],
			"rotation": {"angle": 0, "axis": "y", "origin": [13, 8, 20]},
			"faces": {
				"north": {"uv": [0, 4, 16, 6], "texture": "#1"},
				"east": {"uv": [0, 0, 1, 2], "texture": "#1"},
				"south": {"uv": [0, 0, 16, 2], "texture": "#1"},
				"west": {"uv": [0, 0, 1, 2], "texture": "#1"},
				"up": {"uv": [0, 15, 16, 16], "texture": "#1"},
				"down": {"uv": [0, 15, 16, 16], "texture": "#1"}
			}
		},
		{
			"from": [16.5, 0.5, 0],
			"to": [19, 2.5, 16],
			"rotation": {"angle": 45, "axis": "z", "origin": [18, 2, 10]},
			"faces": {
				"north": {"uv": [0, 0, 2, 2.5], "rotation": 270, "texture": "#1"},
				"east": {"uv": [10, 0, 12, 16], "rotation": 90, "texture": "#1"},
				"south": {"uv": [0, 0, 2, 2.5], "rotation": 90, "texture": "#1"},
				"west": {"uv": [10, 0, 12, 16], "rotation": 90, "texture": "#1"},
				"up": {"uv": [10, 0, 12, 15.5], "rotation": 180, "texture": "#1"},
				"down": {"uv": [10, 0, 12, 16], "rotation": 180, "texture": "#1"}
			}
		},
		{
			"from": [15.5, 0.5, 16],
			"to": [18, 2.5, 17],
			"rotation": {"angle": 45, "axis": "z", "origin": [17, 2, 10]},
			"faces": {
				"north": {"uv": [0, 0, 2, 2.5], "rotation": 270, "texture": "#1"},
				"east": {"uv": [0, 0, 2, 1], "rotation": 90, "texture": "#1"},
				"south": {"uv": [0, 0, 2, 2.5], "rotation": 90, "texture": "#1"},
				"west": {"uv": [0, 0, 2, 1], "rotation": 90, "texture": "#1"},
				"up": {"uv": [0, 0, 1, 2.5], "rotation": 90, "texture": "#1"},
				"down": {"uv": [0, 0, 1, 2.5], "rotation": 90, "texture": "#1"}
			}
		},
		{
			"from": [14.5, 0.5, 17],
			"to": [17, 2.5, 18],
			"rotation": {"angle": 45, "axis": "z", "origin": [16, 2, 11]},
			"faces": {
				"north": {"uv": [0, 0, 2, 2.5], "rotation": 270, "texture": "#1"},
				"east": {"uv": [0, 0, 2, 1], "rotation": 90, "texture": "#1"},
				"south": {"uv": [0, 0, 2, 2.5], "rotation": 90, "texture": "#1"},
				"west": {"uv": [0, 0, 2, 1], "rotation": 90, "texture": "#1"},
				"up": {"uv": [0, 0, 1, 2.5], "rotation": 90, "texture": "#1"},
				"down": {"uv": [0, 0, 1, 2.5], "rotation": 90, "texture": "#1"}
			}
		},
		{
			"from": [10.5, 4.5, 11],
			"to": [18.5, 12.5, 11],
			"rotation": {"angle": 22.5, "axis": "y", "origin": [15, 6, 4]},
			"faces": {
				"north": {"uv": [0, 0, 16, 16], "rotation": 270, "texture": "#0"},
				"east": {"uv": [0, 0, 0, 8], "texture": "#1"},
				"south": {"uv": [0, 0, 16, 16], "texture": "#0"},
				"west": {"uv": [0, 0, 0, 8], "texture": "#1"},
				"up": {"uv": [0, 0, 8, 0], "texture": "#1"},
				"down": {"uv": [0, 0, 8, 0], "texture": "#1"}
			}
		},
		{
			"from": [15.5, 0.5, -1],
			"to": [18, 2.5, 0],
			"rotation": {"angle": 45, "axis": "z", "origin": [17, 2, -8]},
			"faces": {
				"north": {"uv": [0, 0, 2, 2.5], "rotation": 270, "texture": "#1"},
				"east": {"uv": [0, 0, 2, 1], "rotation": 90, "texture": "#1"},
				"south": {"uv": [0, 0, 2, 2.5], "rotation": 90, "texture": "#1"},
				"west": {"uv": [0, 0, 2, 1], "rotation": 90, "texture": "#1"},
				"up": {"uv": [0, 0, 1, 2.5], "rotation": 90, "texture": "#1"},
				"down": {"uv": [0, 0, 1, 2.5], "rotation": 90, "texture": "#1"}
			}
		},
		{
			"from": [14.5, 0.5, -2],
			"to": [17, 2.5, -1],
			"rotation": {"angle": 45, "axis": "z", "origin": [16, 2, -9]},
			"faces": {
				"north": {"uv": [0, 0, 2, 2.5], "rotation": 270, "texture": "#1"},
				"east": {"uv": [0, 0, 2, 1], "rotation": 90, "texture": "#1"},
				"south": {"uv": [0, 0, 2, 2.5], "rotation": 90, "texture": "#1"},
				"west": {"uv": [0, 0, 2, 1], "rotation": 90, "texture": "#1"},
				"up": {"uv": [0, 0, 1, 2.5], "rotation": 90, "texture": "#1"},
				"down": {"uv": [0, 0, 1, 2.5], "rotation": 90, "texture": "#1"}
			}
		},
		{
			"from": [-3, 0.5, 0],
			"to": [-0.5, 2.5, 16],
			"rotation": {"angle": -45, "axis": "z", "origin": [-2, 2, 6]},
			"faces": {
				"north": {"uv": [0, 0, 2, 2.5], "rotation": 90, "texture": "#1"},
				"east": {"uv": [10, 0, 12, 16], "rotation": 90, "texture": "#1"},
				"south": {"uv": [0, 0, 2, 2.5], "rotation": 270, "texture": "#1"},
				"west": {"uv": [10, 0, 12, 16], "rotation": 90, "texture": "#1"},
				"up": {"uv": [10, 0, 12, 16], "rotation": 180, "texture": "#1"},
				"down": {"uv": [10, 0, 12, 16], "rotation": 180, "texture": "#1"}
			}
		},
		{
			"from": [-2, 0.5, 16],
			"to": [0.5, 2.5, 17],
			"rotation": {"angle": -45, "axis": "z", "origin": [-1, 2, 6]},
			"faces": {
				"north": {"uv": [0, 0, 2, 2.5], "rotation": 90, "texture": "#1"},
				"east": {"uv": [0, 0, 2, 1], "rotation": 90, "texture": "#1"},
				"south": {"uv": [0, 0, 2, 2.5], "rotation": 270, "texture": "#1"},
				"west": {"uv": [0, 0, 2, 1], "rotation": 90, "texture": "#1"},
				"up": {"uv": [0, 0, 1, 2.5], "rotation": 270, "texture": "#1"},
				"down": {"uv": [0, 0, 1, 2.5], "rotation": 270, "texture": "#1"}
			}
		},
		{
			"from": [-1, 0.5, 17],
			"to": [1.5, 2.5, 18],
			"rotation": {"angle": -45, "axis": "z", "origin": [0, 2, 7]},
			"faces": {
				"north": {"uv": [0, 0, 2, 2.5], "rotation": 90, "texture": "#1"},
				"east": {"uv": [0, 0, 2, 1], "rotation": 90, "texture": "#1"},
				"south": {"uv": [0, 0, 2, 2.5], "rotation": 270, "texture": "#1"},
				"west": {"uv": [0, 0, 2, 1], "rotation": 90, "texture": "#1"},
				"up": {"uv": [0, 0, 1, 2.5], "rotation": 270, "texture": "#1"},
				"down": {"uv": [0, 0, 1, 2.5], "rotation": 270, "texture": "#1"}
			}
		},
		{
			"from": [-2, 0.5, -1],
			"to": [0.5, 2.5, 0],
			"rotation": {"angle": -45, "axis": "z", "origin": [-1, 2, -12]},
			"faces": {
				"north": {"uv": [0, 0, 2, 2.5], "rotation": 90, "texture": "#1"},
				"east": {"uv": [0, 0, 2, 1], "rotation": 90, "texture": "#1"},
				"south": {"uv": [0, 0, 2, 2.5], "rotation": 270, "texture": "#1"},
				"west": {"uv": [0, 0, 2, 1], "rotation": 90, "texture": "#1"},
				"up": {"uv": [0, 0, 1, 2.5], "rotation": 270, "texture": "#1"},
				"down": {"uv": [0, 0, 1, 2.5], "rotation": 270, "texture": "#1"}
			}
		},
		{
			"from": [-1, 0.5, -2],
			"to": [1.5, 2.5, -1],
			"rotation": {"angle": -45, "axis": "z", "origin": [0, 2, -13]},
			"faces": {
				"north": {"uv": [0, 0, 2, 2.5], "rotation": 90, "texture": "#1"},
				"east": {"uv": [0, 0, 2, 1], "rotation": 90, "texture": "#1"},
				"south": {"uv": [0, 0, 2, 2.5], "rotation": 270, "texture": "#1"},
				"west": {"uv": [0, 0, 2, 1], "rotation": 90, "texture": "#1"},
				"up": {"uv": [0, 0, 1, 2.5], "rotation": 270, "texture": "#1"},
				"down": {"uv": [0, 0, 1, 2.5], "rotation": 270, "texture": "#1"}
			}
		},
		{
			"from": [3, 2, 1],
			"to": [13, 18, 15],
			"rotation": {"angle": 0, "axis": "y", "origin": [11, 10, 9]},
			"faces": {
				"north": {"uv": [0, 0, 10, 16], "texture": "#1"},
				"east": {"uv": [0, 0, 10, 16], "texture": "#1"},
				"south": {"uv": [0, 0, 10, 16], "texture": "#1"},
				"west": {"uv": [0, 0, 10, 16], "texture": "#1"},
				"up": {"uv": [1, 1, 9, 11.5], "texture": "#1"},
				"down": {"uv": [0, 0, 10, 14], "texture": "#1"}
			}
		},
		{
			"from": [1, 2, 3],
			"to": [3, 18, 13],
			"rotation": {"angle": 0, "axis": "y", "origin": [7, 10, 11]},
			"faces": {
				"north": {"uv": [0, 0, 2, 16], "texture": "#1"},
				"east": {"uv": [0, 0, 10, 16], "texture": "#1"},
				"south": {"uv": [0, 0, 2, 16], "texture": "#1"},
				"west": {"uv": [0, 0, 10, 16], "texture": "#1"},
				"up": {"uv": [0, 0, 10, 2], "rotation": 90, "texture": "#1"},
				"down": {"uv": [0, 0, 10, 2], "rotation": 270, "texture": "#1"}
			}
		},
		{
			"from": [13, 2, 3],
			"to": [15, 18, 13],
			"rotation": {"angle": 0, "axis": "y", "origin": [19, 10, 11]},
			"faces": {
				"north": {"uv": [0, 0, 2, 16], "texture": "#1"},
				"east": {"uv": [0, 0, 10, 16], "texture": "#1"},
				"south": {"uv": [0, 0, 2, 16], "texture": "#1"},
				"west": {"uv": [0, 0, 10, 16], "texture": "#1"},
				"up": {"uv": [0, 0, 10, 2], "rotation": 90, "texture": "#1"},
				"down": {"uv": [0, 0, 10, 2], "rotation": 270, "texture": "#1"}
			}
		},
		{
			"from": [11, 7.5, 3],
			"to": [13, 16.25, 13],
			"rotation": {"angle": -22.5, "axis": "z", "origin": [17, 8.5, 11]},
			"faces": {
				"north": {"uv": [0, 0, 2, 8.75], "texture": "#1"},
				"east": {"uv": [0, 0, 10, 8.75], "texture": "#1"},
				"south": {"uv": [0, 0, 2, 8.75], "texture": "#1"},
				"west": {"uv": [0, 0, 10, 8.75], "texture": "#1"},
				"up": {"uv": [0, 0, 10, 2], "rotation": 90, "texture": "#1"},
				"down": {"uv": [0, 0, 10, 2], "rotation": 270, "texture": "#1"}
			}
		},
		{
			"from": [3, 7.5, 3],
			"to": [5, 16.25, 13],
			"rotation": {"angle": 22.5, "axis": "z", "origin": [-1, 8.5, 5]},
			"faces": {
				"north": {"uv": [0, 0, 2, 8.75], "texture": "#1"},
				"east": {"uv": [0, 0, 10, 8.75], "texture": "#1"},
				"south": {"uv": [0, 0, 2, 8.75], "texture": "#1"},
				"west": {"uv": [0, 0, 10, 8.75], "texture": "#1"},
				"up": {"uv": [0, 0, 10, 2], "rotation": 270, "texture": "#1"},
				"down": {"uv": [0, 0, 10, 2], "rotation": 90, "texture": "#1"}
			}
		},
		{
			"from": [13, 2, 13],
			"to": [14, 18, 14],
			"rotation": {"angle": 0, "axis": "y", "origin": [19, 10, 21]},
			"faces": {
				"north": {"uv": [0, 0, 1, 16], "texture": "#1"},
				"east": {"uv": [0, 0, 1, 16], "texture": "#1"},
				"south": {"uv": [0, 0, 1, 16], "texture": "#1"},
				"west": {"uv": [0, 0, 1, 16], "texture": "#1"},
				"up": {"uv": [0, 0, 1, 1], "rotation": 90, "texture": "#1"},
				"down": {"uv": [0, 0, 1, 1], "rotation": 270, "texture": "#1"}
			}
		},
		{
			"from": [13, 2, 2],
			"to": [14, 18, 3],
			"rotation": {"angle": 0, "axis": "y", "origin": [19, 10, 10]},
			"faces": {
				"north": {"uv": [0, 0, 1, 16], "texture": "#1"},
				"east": {"uv": [0, 0, 1, 16], "texture": "#1"},
				"south": {"uv": [0, 0, 1, 16], "texture": "#1"},
				"west": {"uv": [0, 0, 1, 16], "texture": "#1"},
				"up": {"uv": [0, 0, 1, 1], "rotation": 90, "texture": "#1"},
				"down": {"uv": [0, 0, 1, 1], "rotation": 270, "texture": "#1"}
			}
		},
		{
			"from": [2, 2, 2],
			"to": [3, 18, 3],
			"rotation": {"angle": 0, "axis": "y", "origin": [8, 10, 10]},
			"faces": {
				"north": {"uv": [0, 0, 1, 16], "texture": "#1"},
				"east": {"uv": [0, 0, 1, 16], "texture": "#1"},
				"south": {"uv": [0, 0, 1, 16], "texture": "#1"},
				"west": {"uv": [0, 0, 1, 16], "texture": "#1"},
				"up": {"uv": [0, 0, 1, 1], "rotation": 90, "texture": "#1"},
				"down": {"uv": [0, 0, 1, 1], "rotation": 270, "texture": "#1"}
			}
		},
		{
			"from": [2, 2, 13],
			"to": [3, 18, 14],
			"rotation": {"angle": 0, "axis": "y", "origin": [8, 10, 21]},
			"faces": {
				"north": {"uv": [0, 0, 1, 16], "texture": "#1"},
				"east": {"uv": [0, 0, 1, 16], "texture": "#1"},
				"south": {"uv": [0, 0, 1, 16], "texture": "#1"},
				"west": {"uv": [0, 0, 1, 16], "texture": "#1"},
				"up": {"uv": [0, 0, 1, 1], "rotation": 90, "texture": "#1"},
				"down": {"uv": [0, 0, 1, 1], "rotation": 270, "texture": "#1"}
			}
		}
	],
	"display": {
		"thirdperson_righthand": {
			"rotation": [69.5, 177.75, 0]
		},
		"thirdperson_lefthand": {
			"rotation": [73, 176.5, 0]
		},
		"ground": {
			"translation": [0, 4.75, 0]
		},
		"gui": {
			"translation": [0, -0.75, 0],
			"scale": [0.8, 0.8, 0.8]
		},
		"head": {
			"rotation": [0, -180, 0],
			"translation": [0, 11.75, 0],
			"scale": [1.1, 1.1, 1.1]
		},
		"fixed": {
			"rotation": [-90, -180, 0],
			"translation": [0, 0, -10.75],
			"scale": [1.5, 1.5, 1.5]
		}
	}
}