{
	"credit": "Made with Blockbench",
	"textures": {
		"0": "item/gear/spookyhat",
		"1": "item/gear/spookyhat_gems",
		"2": "item/gear/spookyhat_skull",
		"particle": "item/gear/spookyhat"
	},
	"elements": [
		{
			"from": [-2, 0, 0],
			"to": [18, 1.98, 16],
			"rotation": {"angle": 0, "axis": "y", "origin": [13, 8, 22]},
			"faces": {
				"north": {"uv": [0, 4, 16, 6], "texture": "#0"},
				"east": {"uv": [0, 5.5, 16, 7.48], "texture": "#0"},
				"south": {"uv": [0, 10.5, 16, 12.48], "texture": "#0"},
				"west": {"uv": [0, 6, 16, 8], "texture": "#0"},
				"up": {"uv": [0, 0, 16, 16], "texture": "#0"},
				"down": {"uv": [0, 0, 1, 1], "texture": "#0"}
			}
		},
		{
			"from": [-2, 2, 0],
			"to": [-1, 2.98, 16],
			"rotation": {"angle": 0, "axis": "y", "origin": [13, 8, 22]},
			"faces": {
				"north": {"uv": [0, 4, 16, 6], "texture": "#0"},
				"east": {"uv": [0, 5.5, 16, 7.5], "texture": "#0"},
				"south": {"uv": [0, 10.5, 1, 11.48], "texture": "#0"},
				"west": {"uv": [0, 6, 16, 6.98], "texture": "#0"},
				"up": {"uv": [0, 0, 1, 16], "texture": "#0"},
				"down": {"uv": [0, 0, 8, 8], "texture": "#0"}
			}
		},
		{
			"from": [1.5, 13, 5],
			"to": [14.5, 15, 7],
			"rotation": {"angle": 45, "axis": "x", "origin": [-2, 9, 1]},
			"faces": {
				"north": {"uv": [0, 4, 2, 6], "texture": "#1"},
				"east": {"uv": [0, 4, 2, 6], "texture": "#1"},
				"south": {"uv": [1, 4, 3, 6], "texture": "#1"},
				"west": {"uv": [1, 1, 3, 3], "texture": "#1"},
				"up": {"uv": [0, 4, 2, 6], "texture": "#1"},
				"down": {"uv": [8, 2, 10, 4], "texture": "#1"}
			}
		},
		{
			"from": [17, 2, 0],
			"to": [18, 2.98, 16],
			"rotation": {"angle": 0, "axis": "y", "origin": [13, 8, 22]},
			"faces": {
				"north": {"uv": [0, 4, 1, 4.98], "texture": "#0"},
				"east": {"uv": [0, 6, 16, 6], "texture": "#0"},
				"south": {"uv": [0, 10.5, 1, 11.48], "texture": "#0"},
				"west": {"uv": [0, 6, 16, 6.98], "texture": "#0"},
				"up": {"uv": [0, 0, 1, 16], "texture": "#0"},
				"down": {"uv": [0, 0, 1, 16], "texture": "#0"}
			}
		},
		{
			"from": [15, 2, 16],
			"to": [17, 2.98, 17],
			"rotation": {"angle": 0, "axis": "y", "origin": [13, 8, 22]},
			"faces": {
				"north": {"uv": [0, 4, 2, 4.98], "texture": "#0"},
				"east": {"uv": [0, 5.5, 1, 6.48], "texture": "#0"},
				"south": {"uv": [0, 10.5, 2, 11.48], "texture": "#0"},
				"west": {"uv": [0, 6, 1, 6.98], "texture": "#0"},
				"up": {"uv": [0, 0, 2, 1], "texture": "#0"},
				"down": {"uv": [0, 0, 2, 1], "texture": "#0"}
			}
		},
		{
			"from": [15, -4.5, 16],
			"to": [17, -2.52, 17],
			"rotation": {"angle": -45, "axis": "z", "origin": [16, -3, 17]},
			"faces": {
				"north": {"uv": [0, 4, 2, 5.98], "texture": "#1"},
				"east": {"uv": [1, 5, 2, 6.98], "texture": "#1"},
				"south": {"uv": [1, 1, 3, 2.98], "texture": "#1"},
				"west": {"uv": [1, 4, 2, 5.98], "texture": "#1"},
				"up": {"uv": [1, 2, 3, 3], "texture": "#1"},
				"down": {"uv": [1, 2, 3, 3], "texture": "#1"}
			}
		},
		{
			"from": [16, -3, 16],
			"to": [16, 0, 17],
			"rotation": {"angle": -45, "axis": "y", "origin": [16, -3, 16]},
			"faces": {
				"north": {"uv": [0, 4, 0, 7], "texture": "#1"},
				"east": {"uv": [14, 0, 15, 3], "texture": "#1"},
				"south": {"uv": [0, 10.5, 0, 13.5], "texture": "#1"},
				"west": {"uv": [14, 1, 15, 4], "texture": "#1"},
				"up": {"uv": [0, 0, 10, 12.5], "texture": "#1"},
				"down": {"uv": [0, 0, 8, 8], "texture": "#1"}
			}
		},
		{
			"from": [-0.5, -7, 16.5],
			"to": [0.5, 0, 16.5],
			"rotation": {"angle": -45, "axis": "y", "origin": [0, -3, 16]},
			"faces": {
				"north": {"uv": [15, 0, 16, 6], "texture": "#1"},
				"east": {"uv": [0, 4, 16, 6], "texture": "#1"},
				"south": {"uv": [14, 0, 15, 6], "texture": "#1"},
				"west": {"uv": [0, 10.5, 0, 17.5], "texture": "#1"},
				"up": {"uv": [0, 0, 10, 12.5], "rotation": 90, "texture": "#1"},
				"down": {"uv": [0, 0, 8, 8], "rotation": 270, "texture": "#1"}
			}
		},
		{
			"from": [2, -7.5, 16],
			"to": [4, -5.52, 17],
			"rotation": {"angle": -45, "axis": "z", "origin": [0, -3, 17]},
			"faces": {
				"north": {"uv": [0, 4, 2, 5.98], "texture": "#1"},
				"east": {"uv": [1, 5, 2, 6.98], "texture": "#1"},
				"south": {"uv": [2, 4, 4, 5.98], "texture": "#1"},
				"west": {"uv": [1, 4, 2, 5.98], "texture": "#1"},
				"up": {"uv": [1, 2, 3, 3], "texture": "#1"},
				"down": {"uv": [1, 2, 3, 3], "texture": "#1"}
			}
		},
		{
			"from": [0, -4, -1],
			"to": [0, 0, 0],
			"rotation": {"angle": -45, "axis": "y", "origin": [0, -3, -1]},
			"faces": {
				"north": {"uv": [0, 4, 0, 8], "texture": "#1"},
				"east": {"uv": [14, 1, 15, 5], "texture": "#1"},
				"south": {"uv": [0, 10.5, 0, 14.5], "texture": "#1"},
				"west": {"uv": [15, 0, 16, 4], "texture": "#1"},
				"up": {"uv": [0, 0, 10, 12.5], "texture": "#1"},
				"down": {"uv": [0, 0, 8, 8], "texture": "#1"}
			}
		},
		{
			"from": [0, -5.5, -1],
			"to": [2, -3.52, 0],
			"rotation": {"angle": -45, "axis": "z", "origin": [0, -3, 0]},
			"faces": {
				"north": {"uv": [0, 4, 2, 5.98], "texture": "#1"},
				"east": {"uv": [1, 5, 2, 6.98], "texture": "#1"},
				"south": {"uv": [2, 4, 4, 5.98], "texture": "#1"},
				"west": {"uv": [1, 4, 2, 5.98], "texture": "#1"},
				"up": {"uv": [3, 1, 5, 2], "texture": "#1"},
				"down": {"uv": [2, 1, 4, 2], "texture": "#1"}
			}
		},
		{
			"from": [16.5, -6, -1.19],
			"to": [16.5, 0, -0.19],
			"rotation": {"angle": 22.5, "axis": "y", "origin": [17, -3, -1]},
			"faces": {
				"north": {"uv": [0, 10.5, 0, 16.5], "texture": "#1"},
				"east": {"uv": [14, 0, 15, 6], "texture": "#1"},
				"south": {"uv": [0, 4, 16, 6], "texture": "#1"},
				"west": {"uv": [14, 0, 15, 6], "texture": "#1"},
				"up": {"uv": [0, 0, 10, 12.5], "rotation": 180, "texture": "#1"},
				"down": {"uv": [0, 0, 8, 8], "rotation": 180, "texture": "#1"}
			}
		},
		{
			"from": [18, -6.5, -1],
			"to": [20, -4.52, 0],
			"rotation": {"angle": -45, "axis": "z", "origin": [17, -3, 0]},
			"faces": {
				"north": {"uv": [0, 4, 2, 5.98], "texture": "#1"},
				"east": {"uv": [1, 1, 2, 2.98], "texture": "#1"},
				"south": {"uv": [2, 4, 4, 5.98], "texture": "#1"},
				"west": {"uv": [3, 5, 4, 6.98], "texture": "#1"},
				"up": {"uv": [2, 1, 3, 3], "rotation": 90, "texture": "#1"},
				"down": {"uv": [1, 2, 3, 3], "texture": "#1"}
			}
		},
		{
			"from": [0, -2.5, 1],
			"to": [4, 1.5, 2],
			"rotation": {"angle": -45, "axis": "z", "origin": [17, -3, 0]},
			"faces": {
				"north": {"uv": [8, 1, 12, 5], "rotation": 90, "texture": "#1"},
				"east": {"uv": [12, 1, 13, 5], "texture": "#1"},
				"south": {"uv": [0, 10.5, 4, 14.5], "texture": "#1"},
				"west": {"uv": [7, 1, 8, 5], "texture": "#1"},
				"up": {"uv": [8, 0, 12, 1], "texture": "#1"},
				"down": {"uv": [8, 5, 12, 6], "texture": "#1"}
			}
		},
		{
			"from": [16, 2, 15],
			"to": [17, 2.98, 16],
			"rotation": {"angle": 0, "axis": "y", "origin": [13, 8, 22]},
			"faces": {
				"north": {"uv": [0, 4, 1, 4.98], "texture": "#0"},
				"east": {"uv": [0, 5.5, 1, 6.48], "texture": "#0"},
				"south": {"uv": [0, 10.5, 1, 11.48], "texture": "#0"},
				"west": {"uv": [0, 6, 1, 6.98], "texture": "#0"},
				"up": {"uv": [0, 0, 1, 1], "texture": "#0"},
				"down": {"uv": [0, 0, 1, 1], "texture": "#0"}
			}
		},
		{
			"from": [16, 2, 0],
			"to": [17, 2.98, 1],
			"rotation": {"angle": 0, "axis": "y", "origin": [13, 8, 22]},
			"faces": {
				"north": {"uv": [0, 4, 1, 4.98], "texture": "#0"},
				"east": {"uv": [0, 5.5, 1, 6.48], "texture": "#0"},
				"south": {"uv": [0, 10.5, 1, 11.48], "texture": "#0"},
				"west": {"uv": [0, 6, 1, 6.98], "texture": "#0"},
				"up": {"uv": [0, 0, 1, 1], "texture": "#0"},
				"down": {"uv": [0, 0, 1, 1], "texture": "#0"}
			}
		},
		{
			"from": [15, 2, -1],
			"to": [17, 2.98, 0],
			"rotation": {"angle": 0, "axis": "y", "origin": [13, 8, 22]},
			"faces": {
				"north": {"uv": [0, 4, 2, 4.98], "texture": "#0"},
				"east": {"uv": [0, 5.5, 1, 6.48], "texture": "#0"},
				"south": {"uv": [0, 10.5, 2, 11.48], "texture": "#0"},
				"west": {"uv": [0, 6, 1, 6.98], "texture": "#0"},
				"up": {"uv": [0, 0, 2, 1], "texture": "#0"},
				"down": {"uv": [0, 0, 2, 1], "texture": "#0"}
			}
		},
		{
			"from": [-1, 2, 0],
			"to": [0, 2.98, 1],
			"rotation": {"angle": 0, "axis": "y", "origin": [13, 8, 22]},
			"faces": {
				"north": {"uv": [0, 4, 1, 4.98], "texture": "#0"},
				"east": {"uv": [0, 5.5, 1, 6.48], "texture": "#0"},
				"south": {"uv": [0, 10.5, 1, 11.48], "texture": "#0"},
				"west": {"uv": [0, 6, 1, 6.98], "texture": "#0"},
				"up": {"uv": [0, 0, 1, 1], "texture": "#0"},
				"down": {"uv": [0, 0, 1, 1], "texture": "#0"}
			}
		},
		{
			"from": [-1, 2, -1],
			"to": [1, 2.98, 0],
			"rotation": {"angle": 0, "axis": "y", "origin": [13, 8, 22]},
			"faces": {
				"north": {"uv": [0, 4, 16, 6], "texture": "#0"},
				"east": {"uv": [0, 5.5, 16, 7.5], "texture": "#0"},
				"south": {"uv": [0, 10.5, 2, 11.48], "texture": "#0"},
				"west": {"uv": [0, 6, 16, 8], "texture": "#0"},
				"up": {"uv": [0, 0, 2, 1], "texture": "#0"},
				"down": {"uv": [0, 0, 8, 8], "texture": "#0"}
			}
		},
		{
			"from": [-1, 2, 15],
			"to": [0, 2.98, 16],
			"rotation": {"angle": 0, "axis": "y", "origin": [13, 8, 22]},
			"faces": {
				"north": {"uv": [0, 4, 1, 4.98], "texture": "#0"},
				"east": {"uv": [0, 5.5, 1, 6.48], "texture": "#0"},
				"south": {"uv": [0, 10.5, 1, 11.48], "texture": "#0"},
				"west": {"uv": [0, 6, 1, 6.98], "texture": "#0"},
				"up": {"uv": [0, 0, 1, 1], "texture": "#0"},
				"down": {"uv": [0, 0, 1, 1], "texture": "#0"}
			}
		},
		{
			"from": [-1, 2, 16],
			"to": [1, 2.98, 17],
			"rotation": {"angle": 0, "axis": "y", "origin": [13, 8, 22]},
			"faces": {
				"north": {"uv": [0, 4, 2, 4.98], "texture": "#0"},
				"east": {"uv": [0, 5.5, 1, 6.48], "texture": "#0"},
				"south": {"uv": [0, 10.5, 2, 11.48], "texture": "#0"},
				"west": {"uv": [0, 6, 1, 6.98], "texture": "#0"},
				"up": {"uv": [0, 0, 2, 1], "texture": "#0"},
				"down": {"uv": [0, 0, 2, 1], "texture": "#0"}
			}
		},
		{
			"from": [-1, 0, 16],
			"to": [17, 2.01, 17],
			"rotation": {"angle": 0, "axis": "y", "origin": [13, 8, 38]},
			"faces": {
				"north": {"uv": [0, 5.5, 16, 7.5], "texture": "#0"},
				"east": {"uv": [0, 0, 1, 2], "texture": "#0"},
				"south": {"uv": [0, 4, 16, 6.01], "texture": "#0"},
				"west": {"uv": [0, 0, 1, 2], "texture": "#0"},
				"up": {"uv": [0, 3, 16, 4], "texture": "#0"},
				"down": {"uv": [0, 14.5, 16, 15.5], "texture": "#0"}
			}
		},
		{
			"from": [0, 0, 17],
			"to": [16, 3, 18],
			"rotation": {"angle": 0, "axis": "y", "origin": [13, 8, 39]},
			"faces": {
				"north": {"uv": [0, 0, 16, 2], "texture": "#0"},
				"east": {"uv": [0, 0, 1, 2], "texture": "#0"},
				"south": {"uv": [10, 0, 13, 16], "rotation": 90, "texture": "#0"},
				"west": {"uv": [0, 0, 1, 2], "texture": "#0"},
				"up": {"uv": [0, 15, 16, 16], "texture": "#0"},
				"down": {"uv": [0, 0, 8, 0.5], "texture": "#0"}
			}
		},
		{
			"from": [6, 10, 13.5],
			"to": [10, 13, 15.5],
			"rotation": {"angle": 0, "axis": "y", "origin": [13, 8, 39]},
			"faces": {
				"north": {"uv": [0, 0, 16, 2], "texture": "#2"},
				"east": {"uv": [10, 2, 13, 8], "texture": "#2"},
				"south": {"uv": [2, 2, 10, 8], "texture": "#2"},
				"west": {"uv": [0, 2, 3, 8], "texture": "#2"},
				"up": {"uv": [2, 0, 10, 3], "texture": "#2"},
				"down": {"uv": [2, 8, 10, 11], "texture": "#2"}
			}
		},
		{
			"from": [7, 9, 14],
			"to": [9, 10, 15],
			"rotation": {"angle": 0, "axis": "y", "origin": [13, 8, 39]},
			"faces": {
				"north": {"uv": [0, 0, 16, 2], "texture": "#2"},
				"east": {"uv": [8, 10, 10, 12], "texture": "#2"},
				"south": {"uv": [4, 10, 8, 12], "texture": "#2"},
				"west": {"uv": [2, 10, 4, 12], "texture": "#2"},
				"up": {"uv": [0, 15, 16, 16], "texture": "#2"},
				"down": {"uv": [4, 12, 8, 14], "texture": "#2"}
			}
		},
		{
			"from": [5, 5, 14],
			"to": [13, 6, 15],
			"rotation": {"angle": -22.5, "axis": "z", "origin": [13, 8, 39]},
			"faces": {
				"north": {"uv": [0, 0, 16, 2], "texture": "#2"},
				"east": {"uv": [2, 2, 3, 3], "texture": "#2"},
				"south": {"uv": [14, 0, 15, 9], "rotation": 90, "texture": "#2"},
				"west": {"uv": [2, 0, 3, 1], "texture": "#2"},
				"up": {"uv": [14, 4, 15, 12], "rotation": 90, "texture": "#2"},
				"down": {"uv": [2, 2, 10, 3], "texture": "#2"}
			}
		},
		{
			"from": [4, 9, 14],
			"to": [12, 10, 14.5],
			"rotation": {"angle": 22.5, "axis": "z", "origin": [13, 8, 39]},
			"faces": {
				"north": {"uv": [0, 0, 16, 2], "texture": "#2"},
				"east": {"uv": [2, 3, 2.5, 4], "texture": "#2"},
				"south": {"uv": [12, 0, 13, 8], "rotation": 90, "texture": "#2"},
				"west": {"uv": [5, 2, 5.5, 3], "texture": "#2"},
				"up": {"uv": [2, 7, 10, 7.5], "texture": "#2"},
				"down": {"uv": [2, 0, 10, 0.5], "texture": "#2"}
			}
		},
		{
			"from": [2.5, 3, 1.5],
			"to": [13.5, 5, 14.5],
			"rotation": {"angle": 0, "axis": "y", "origin": [13, 12, 37]},
			"faces": {
				"north": {"uv": [2, 9, 13, 11], "texture": "#1"},
				"east": {"uv": [3, 8, 16, 10], "texture": "#1"},
				"south": {"uv": [0, 6, 11, 8], "texture": "#1"},
				"west": {"uv": [3, 13, 16, 15], "texture": "#1"},
				"up": {"uv": [0, 6, 14, 16], "rotation": 90, "texture": "#1"},
				"down": {"uv": [1, 6, 15, 16], "texture": "#1"}
			}
		},
		{
			"from": [1.5, 3, 2.5],
			"to": [14.5, 5, 13.5],
			"rotation": {"angle": 0, "axis": "y", "origin": [13, 12, 37]},
			"faces": {
				"north": {"uv": [1, 9, 14, 11], "texture": "#1"},
				"east": {"uv": [2, 10, 13, 12], "texture": "#1"},
				"south": {"uv": [1, 13, 14, 15], "texture": "#1"},
				"west": {"uv": [0, 6, 11, 8], "texture": "#1"},
				"up": {"uv": [0, 6, 13, 16], "texture": "#1"},
				"down": {"uv": [3, 6, 16, 16], "texture": "#1"}
			}
		},
		{
			"from": [0, 0, -2],
			"to": [16, 3, -1],
			"rotation": {"angle": 0, "axis": "y", "origin": [13, 8, 20]},
			"faces": {
				"north": {"uv": [10, 0.5, 12, 16], "rotation": 90, "texture": "#0"},
				"east": {"uv": [0, 0, 1, 2], "texture": "#0"},
				"south": {"uv": [0, 0, 16, 3], "texture": "#0"},
				"west": {"uv": [0, 0, 1, 2], "texture": "#0"},
				"up": {"uv": [0, 14, 16, 15], "texture": "#0"},
				"down": {"uv": [0, 15, 16, 16], "texture": "#0"}
			}
		},
		{
			"from": [-1, 0, -1],
			"to": [17, 2, 0],
			"rotation": {"angle": 0, "axis": "y", "origin": [13, 8, 20]},
			"faces": {
				"north": {"uv": [0, 4, 16, 6], "texture": "#0"},
				"east": {"uv": [0, 0, 1, 2], "texture": "#0"},
				"south": {"uv": [0, 0, 16, 2], "texture": "#0"},
				"west": {"uv": [0, 0, 1, 2], "texture": "#0"},
				"up": {"uv": [0, 0, 16, 1], "texture": "#0"},
				"down": {"uv": [0, 15, 16, 16], "texture": "#0"}
			}
		},
		{
			"from": [3, 2, 2],
			"to": [13, 14.99, 14],
			"rotation": {"angle": 0, "axis": "y", "origin": [11, 10, 9]},
			"faces": {
				"north": {"uv": [3, 1, 13, 13.99], "texture": "#0"},
				"east": {"uv": [0, 0, 10, 16], "texture": "#0"},
				"south": {"uv": [1, 3, 11, 16], "texture": "#0"},
				"west": {"uv": [0, 0, 10, 16], "texture": "#0"},
				"up": {"uv": [2, 0, 14, 10], "rotation": 90, "texture": "#0"},
				"down": {"uv": [0, 0, 10, 14], "texture": "#0"}
			}
		},
		{
			"from": [11.7, 7, 3],
			"to": [13.7, 13.25, 13],
			"rotation": {"angle": -22.5, "axis": "z", "origin": [17, 8.5, 11]},
			"faces": {
				"north": {"uv": [0, 0, 2, 6.25], "texture": "#0"},
				"east": {"uv": [1, 0, 11, 6.25], "texture": "#0"},
				"south": {"uv": [0, 0, 2, 6.25], "texture": "#0"},
				"west": {"uv": [0, 0, 10, 6.25], "texture": "#0"},
				"up": {"uv": [0, 0, 10, 2], "rotation": 90, "texture": "#0"},
				"down": {"uv": [0, 0, 10, 2], "rotation": 270, "texture": "#0"}
			}
		},
		{
			"from": [2.3, 7, 3],
			"to": [4.3, 13.25, 13],
			"rotation": {"angle": 22.5, "axis": "z", "origin": [-1, 8.5, 5]},
			"faces": {
				"north": {"uv": [0, 0, 2, 6.25], "texture": "#0"},
				"east": {"uv": [0, 0, 10, 6.25], "texture": "#0"},
				"south": {"uv": [0, 0, 2, 6.25], "texture": "#0"},
				"west": {"uv": [4, 0, 14, 6.25], "texture": "#0"},
				"up": {"uv": [0, 0, 10, 2], "rotation": 270, "texture": "#0"},
				"down": {"uv": [0, 0, 10, 2], "rotation": 90, "texture": "#0"}
			}
		},
		{
			"from": [2, 2, 3],
			"to": [14, 15, 13],
			"rotation": {"angle": 0, "axis": "y", "origin": [19, 10, 21]},
			"faces": {
				"north": {"uv": [0, 0, 1, 16], "texture": "#0"},
				"east": {"uv": [1, 2, 11, 15], "texture": "#0"},
				"south": {"uv": [1, 1, 13, 14], "texture": "#0"},
				"west": {"uv": [3, 2, 13, 15], "texture": "#0"},
				"up": {"uv": [4, 0, 14, 12], "rotation": 90, "texture": "#0"},
				"down": {"uv": [0, 0, 1, 1], "rotation": 270, "texture": "#0"}
			}
		}
	],
	"display": {
		"thirdperson_righthand": {
			"rotation": [69.5, 177.75, 0],
			"scale": [0.75, 0.75, 0.75]
		},
		"thirdperson_lefthand": {
			"rotation": [62, 176.5, -180],
			"translation": [0, 2.75, -6.5],
			"scale": [0.75, 0.75, 0.75]
		},
		"firstperson_righthand": {
			"translation": [2.75, 4.5, 0],
			"scale": [0.75, 0.75, 0.75]
		},
		"firstperson_lefthand": {
			"rotation": [0, 0, -180],
			"translation": [3.75, -4.75, 0],
			"scale": [0.75, 0.75, 0.75]
		},
		"ground": {
			"translation": [0, 4.75, 0]
		},
		"gui": {
			"rotation": [22.5, 30.25, 0],
			"translation": [0, 1.75, 0],
			"scale": [0.7, 0.7, 0.7]
		},
		"head": {
			"rotation": [0, -180, 0],
			"translation": [0, 13.25, 0],
			"scale": [1.1, 1.1, 1.1]
		},
		"fixed": {
			"rotation": [-90, -180, 0],
			"translation": [0, 0, -10.75],
			"scale": [1.5, 1.5, 1.5]
		}
	}
}