{
	"credit": "Made with Blockbench",
	"texture_size": [32, 32],
	"textures": {
		"basic_broom_atlas": "item/gear/halloween/broom"
	},
	"elements": [
		{
			"name": "strip",
			"from": [6, 5, -2],
			"to": [10, 9, 0],
			"rotation": {"angle": 0, "axis": "y", "origin": [0, 0, 3]},
			"faces": {
				"north": {"uv": [12, 14, 14, 16], "texture": "#basic_broom_atlas"},
				"east": {"uv": [8, 14, 10, 15], "rotation": 90, "texture": "#basic_broom_atlas"},
				"south": {"uv": [14, 14, 16, 16], "texture": "#basic_broom_atlas"},
				"west": {"uv": [10, 14, 12, 15], "rotation": 90, "texture": "#basic_broom_atlas"},
				"up": {"uv": [10, 15, 12, 16], "texture": "#basic_broom_atlas"},
				"down": {"uv": [8, 15, 10, 16], "texture": "#basic_broom_atlas"}
			}
		},
		{
			"from": [7, 6, 0],
			"to": [9, 8, 20],
			"rotation": {"angle": 0, "axis": "y", "origin": [0, 0, 3]},
			"faces": {
				"north": {"uv": [5, 6, 6, 7], "texture": "#basic_broom_atlas"},
				"east": {"uv": [6, 7, 16, 8], "texture": "#basic_broom_atlas"},
				"south": {"uv": [5, 7, 6, 8], "texture": "#basic_broom_atlas"},
				"west": {"uv": [6, 5, 16, 6], "texture": "#basic_broom_atlas"},
				"up": {"uv": [6, 6, 16, 7], "rotation": 90, "texture": "#basic_broom_atlas"},
				"down": {"uv": [6, 4, 16, 5], "rotation": 90, "texture": "#basic_broom_atlas"}
			}
		},
		{
			"from": [7.01, 1.5, 17.3],
			"to": [8.99, 2.5, 20.3],
			"rotation": {"angle": -22.5, "axis": "x", "origin": [0, 0, 3]},
			"faces": {
				"north": {"uv": [15, 1, 15.99, 1.5], "texture": "#basic_broom_atlas"},
				"east": {"uv": [14.5, 2, 16, 2.5], "texture": "#basic_broom_atlas"},
				"south": {"uv": [14, 1.5, 14.5, 2.49], "rotation": 90, "texture": "#basic_broom_atlas"},
				"west": {"uv": [14.5, 1.5, 16, 2], "texture": "#basic_broom_atlas"},
				"up": {"uv": [13, 0, 14.5, 0.99], "rotation": 90, "texture": "#basic_broom_atlas"},
				"down": {"uv": [14.5, 0, 16, 0.99], "rotation": 90, "texture": "#basic_broom_atlas"}
			}
		},
		{
			"from": [7, 7, 20],
			"to": [9, 9, 28],
			"rotation": {"angle": 0, "axis": "y", "origin": [0, 0, 3]},
			"faces": {
				"north": {"uv": [14, 0, 15, 1], "texture": "#basic_broom_atlas"},
				"east": {"uv": [12, 1, 16, 2], "texture": "#basic_broom_atlas"},
				"south": {"uv": [15, 0, 16, 1], "texture": "#basic_broom_atlas"},
				"west": {"uv": [12, 2, 16, 3], "texture": "#basic_broom_atlas"},
				"up": {"uv": [12, 4, 16, 5], "rotation": 90, "texture": "#basic_broom_atlas"},
				"down": {"uv": [12, 4, 16, 3], "rotation": 90, "texture": "#basic_broom_atlas"}
			}
		},
		{
			"from": [7.01, -1, 21],
			"to": [8.99, 0, 24],
			"rotation": {"angle": -22.5, "axis": "x", "origin": [0, 0, 3]},
			"faces": {
				"north": {"uv": [0, 0, 0.99, 0.5], "texture": "#basic_broom_atlas"},
				"east": {"uv": [11, 6, 12.5, 6.5], "texture": "#basic_broom_atlas"},
				"south": {"uv": [11, 5.5, 11.99, 6], "texture": "#basic_broom_atlas"},
				"west": {"uv": [11, 6.5, 12.5, 7], "texture": "#basic_broom_atlas"},
				"up": {"uv": [11, 7, 12.5, 7.99], "rotation": 90, "texture": "#basic_broom_atlas"},
				"down": {"uv": [11, 3.5, 12.5, 4.49], "rotation": 90, "texture": "#basic_broom_atlas"}
			}
		},
		{
			"from": [7, 8, 18],
			"to": [9, 9, 20],
			"rotation": {"angle": 0, "axis": "y", "origin": [0, 0, 3]},
			"faces": {
				"north": {"uv": [0, 3.5, 1, 3], "texture": "#basic_broom_atlas"},
				"east": {"uv": [0, 0, 1, 0.5], "texture": "#basic_broom_atlas"},
				"south": {"uv": [0, 1.5, 1, 2], "texture": "#basic_broom_atlas"},
				"west": {"uv": [0, 1, 1, 1.5], "texture": "#basic_broom_atlas"},
				"up": {"uv": [14, 2, 15, 3], "rotation": 90, "texture": "#basic_broom_atlas"},
				"down": {"uv": [0, 0, 1, 1], "texture": "#basic_broom_atlas"}
			}
		},
		{
			"from": [7.01, -4, 20],
			"to": [8.99, -2, 23],
			"rotation": {"angle": -45, "axis": "x", "origin": [0, 11, 11]},
			"faces": {
				"north": {"uv": [12, 1, 12.99, 2], "texture": "#basic_broom_atlas"},
				"east": {"uv": [13, 1, 14.5, 2], "texture": "#basic_broom_atlas"},
				"south": {"uv": [12, 0, 12.99, 1], "texture": "#basic_broom_atlas"},
				"west": {"uv": [14.5, 1, 16, 2], "texture": "#basic_broom_atlas"},
				"up": {"uv": [13, 0, 14.5, 0.99], "rotation": 90, "texture": "#basic_broom_atlas"},
				"down": {"uv": [14.5, 0, 16, 0.99], "rotation": 90, "texture": "#basic_broom_atlas"}
			}
		},
		{
			"from": [7, 9, 28],
			"to": [9, 11, 30],
			"rotation": {"angle": 0, "axis": "y", "origin": [0, 0, 3]},
			"faces": {
				"north": {"uv": [0, 0, 2, 2], "texture": "#basic_broom_atlas"},
				"east": {"uv": [0, 0, 1, 1], "texture": "#basic_broom_atlas"},
				"south": {"uv": [0, 0, 2, 2], "texture": "#basic_broom_atlas"},
				"west": {"uv": [0, 0, 2, 2], "texture": "#basic_broom_atlas"},
				"up": {"uv": [0, 0, 2, 2], "texture": "#basic_broom_atlas"},
				"down": {"uv": [0, 0, 2, 2], "texture": "#basic_broom_atlas"}
			}
		},
		{
			"from": [7.01, 19, 19],
			"to": [8.99, 21, 24],
			"rotation": {"angle": 22.5, "axis": "x", "origin": [0, 0, 3]},
			"faces": {
				"north": {"uv": [0, 0, 0.99, 1], "texture": "#basic_broom_atlas"},
				"east": {"uv": [8.5, 5, 11, 6], "texture": "#basic_broom_atlas"},
				"south": {"uv": [10, 1, 10.99, 2], "texture": "#basic_broom_atlas"},
				"west": {"uv": [8.5, 0, 11, 1], "texture": "#basic_broom_atlas"},
				"up": {"uv": [8.5, 4, 11, 4.99], "rotation": 90, "texture": "#basic_broom_atlas"},
				"down": {"uv": [8.5, 3, 11, 3.99], "rotation": 90, "texture": "#basic_broom_atlas"}
			}
		},
		{
			"from": [7, 18, 19],
			"to": [9, 19, 21],
			"rotation": {"angle": 22.5, "axis": "x", "origin": [0, 0, 3]},
			"faces": {
				"north": {"uv": [15, 0, 16, 0.5], "texture": "#basic_broom_atlas"},
				"east": {"uv": [15, 1.5, 16, 2], "texture": "#basic_broom_atlas"},
				"south": {"uv": [14, 1.5, 15, 2], "texture": "#basic_broom_atlas"},
				"west": {"uv": [14, 1, 15, 1.5], "texture": "#basic_broom_atlas"},
				"up": {"uv": [14, 0, 15, 1], "texture": "#basic_broom_atlas"},
				"down": {"uv": [15, 0.6, 16, 1.6], "texture": "#basic_broom_atlas"}
			}
		},
		{
			"from": [7, 6, -3],
			"to": [9, 8, -2],
			"rotation": {"angle": 0, "axis": "y", "origin": [0, 0, 3]},
			"faces": {
				"north": {"uv": [8, 8, 9, 9], "texture": "#basic_broom_atlas"},
				"east": {"uv": [0, 12, 1, 12.5], "rotation": 90, "texture": "#basic_broom_atlas"},
				"south": {"uv": [11, 8, 12, 9], "rotation": 180, "texture": "#basic_broom_atlas"},
				"west": {"uv": [0, 10, 1, 10.5], "rotation": 90, "texture": "#basic_broom_atlas"},
				"up": {"uv": [0, 14, 1, 14.5], "texture": "#basic_broom_atlas"},
				"down": {"uv": [0, 8, 1, 8.5], "texture": "#basic_broom_atlas"}
			}
		},
		{
			"from": [6, 7, -7],
			"to": [10, 9, -3],
			"rotation": {"angle": 22.5, "axis": "x", "origin": [8, 9, -3]},
			"faces": {
				"north": {"uv": [8, 8, 10, 9], "rotation": 180, "texture": "#basic_broom_atlas"},
				"east": {"uv": [0, 12, 2, 13], "rotation": 90, "texture": "#basic_broom_atlas"},
				"south": {"uv": [11, 8, 13, 9], "rotation": 180, "texture": "#basic_broom_atlas"},
				"west": {"uv": [0, 10, 1, 12], "rotation": 90, "texture": "#basic_broom_atlas"},
				"up": {"uv": [0, 14, 2, 16], "rotation": 180, "texture": "#basic_broom_atlas"},
				"down": {"uv": [0, 8, 2, 10], "texture": "#basic_broom_atlas"}
			}
		},
		{
			"from": [5, 7, -11],
			"to": [11, 9, -7],
			"rotation": {"angle": 22.5, "axis": "x", "origin": [8, 9, -3]},
			"faces": {
				"north": {"uv": [8, 8, 11, 9], "rotation": 180, "texture": "#basic_broom_atlas"},
				"east": {"uv": [0, 12, 2, 13], "rotation": 90, "texture": "#basic_broom_atlas"},
				"south": {"uv": [11, 8, 14, 9], "rotation": 180, "texture": "#basic_broom_atlas"},
				"west": {"uv": [0, 10, 1, 12], "rotation": 90, "texture": "#basic_broom_atlas"},
				"up": {"uv": [0, 14, 3, 16], "rotation": 180, "texture": "#basic_broom_atlas"},
				"down": {"uv": [0, 8, 3, 10], "texture": "#basic_broom_atlas"}
			}
		},
		{
			"from": [5, 10.09285, -13.61521],
			"to": [11, 12.09285, -10.61521],
			"rotation": {"angle": -45, "axis": "x", "origin": [8, 12, -10]},
			"faces": {
				"north": {"uv": [8, 8, 11, 9], "rotation": 180, "texture": "#basic_broom_atlas"},
				"east": {"uv": [0, 12, 1.5, 13], "rotation": 90, "texture": "#basic_broom_atlas"},
				"south": {"uv": [11, 8, 14, 9], "rotation": 180, "texture": "#basic_broom_atlas"},
				"west": {"uv": [0, 10, 1, 11.5], "rotation": 90, "texture": "#basic_broom_atlas"},
				"up": {"uv": [0, 14.5, 3, 16], "texture": "#basic_broom_atlas"},
				"down": {"uv": [0, 8, 3, 9.5], "rotation": 180, "texture": "#basic_broom_atlas"}
			}
		},
		{
			"from": [6, 10.09285, -15.61521],
			"to": [10, 12.09285, -13.61521],
			"rotation": {"angle": -45, "axis": "x", "origin": [8, 12, -10]},
			"faces": {
				"north": {"uv": [8, 8, 10, 9], "rotation": 180, "texture": "#basic_broom_atlas"},
				"east": {"uv": [0, 12, 1, 13], "rotation": 90, "texture": "#basic_broom_atlas"},
				"south": {"uv": [11, 8, 13, 9], "rotation": 180, "texture": "#basic_broom_atlas"},
				"west": {"uv": [0, 10, 1, 11], "rotation": 90, "texture": "#basic_broom_atlas"},
				"up": {"uv": [0, 15, 2, 16], "texture": "#basic_broom_atlas"},
				"down": {"uv": [0, 8, 2, 9], "rotation": 180, "texture": "#basic_broom_atlas"}
			}
		},
		{
			"from": [5, 5.09285, -6.61521],
			"to": [11, 7.09285, -3.61521],
			"rotation": {"angle": 45, "axis": "x", "origin": [8, 12, -10]},
			"faces": {
				"north": {"uv": [8, 8, 11, 9], "rotation": 180, "texture": "#basic_broom_atlas"},
				"east": {"uv": [0, 12, 1.5, 13], "rotation": 90, "texture": "#basic_broom_atlas"},
				"south": {"uv": [11, 8, 14, 9], "rotation": 180, "texture": "#basic_broom_atlas"},
				"west": {"uv": [0, 10, 1, 11.5], "rotation": 90, "texture": "#basic_broom_atlas"},
				"up": {"uv": [0, 14, 3, 15.5], "texture": "#basic_broom_atlas"},
				"down": {"uv": [0, 8, 3, 9.5], "rotation": 180, "texture": "#basic_broom_atlas"}
			}
		},
		{
			"from": [6, 5.09285, -9.61521],
			"to": [10, 7.09285, -6.61521],
			"rotation": {"angle": 45, "axis": "x", "origin": [8, 12, -10]},
			"faces": {
				"north": {"uv": [8, 8, 10, 9], "rotation": 180, "texture": "#basic_broom_atlas"},
				"east": {"uv": [0, 12, 1.5, 13], "rotation": 90, "texture": "#basic_broom_atlas"},
				"south": {"uv": [11, 8, 13, 9], "rotation": 180, "texture": "#basic_broom_atlas"},
				"west": {"uv": [0, 10, 1, 11.5], "rotation": 90, "texture": "#basic_broom_atlas"},
				"up": {"uv": [0, 14, 2, 15.5], "texture": "#basic_broom_atlas"},
				"down": {"uv": [0, 8, 2, 9.5], "rotation": 180, "texture": "#basic_broom_atlas"}
			}
		},
		{
			"from": [6, 5, -5],
			"to": [10, 9, -3],
			"rotation": {"angle": 0, "axis": "x", "origin": [15, 0, -3]},
			"faces": {
				"north": {"uv": [8, 8, 10, 10], "texture": "#basic_broom_atlas"},
				"east": {"uv": [0, 12, 2, 13], "rotation": 90, "texture": "#basic_broom_atlas"},
				"south": {"uv": [11, 8, 13, 10], "rotation": 180, "texture": "#basic_broom_atlas"},
				"west": {"uv": [0, 10, 2, 11], "rotation": 90, "texture": "#basic_broom_atlas"},
				"up": {"uv": [0, 14, 2, 15], "texture": "#basic_broom_atlas"},
				"down": {"uv": [0, 8, 2, 9], "texture": "#basic_broom_atlas"}
			}
		},
		{
			"from": [6, 5, -7],
			"to": [10, 7, -3],
			"rotation": {"angle": -22.5, "axis": "x", "origin": [8, 5, -3]},
			"faces": {
				"north": {"uv": [8, 8, 10, 9], "rotation": 180, "texture": "#basic_broom_atlas"},
				"east": {"uv": [0, 12, 2, 13], "rotation": 90, "texture": "#basic_broom_atlas"},
				"south": {"uv": [11, 8, 13, 9], "rotation": 180, "texture": "#basic_broom_atlas"},
				"west": {"uv": [0, 10, 1, 12], "rotation": 90, "texture": "#basic_broom_atlas"},
				"up": {"uv": [0, 14, 2, 16], "texture": "#basic_broom_atlas"},
				"down": {"uv": [0, 8, 2, 10], "rotation": 180, "texture": "#basic_broom_atlas"}
			}
		},
		{
			"from": [5, 5, -11],
			"to": [11, 7, -7],
			"rotation": {"angle": -22.5, "axis": "x", "origin": [8, 5, -3]},
			"faces": {
				"north": {"uv": [8, 8, 11, 9], "rotation": 180, "texture": "#basic_broom_atlas"},
				"east": {"uv": [0, 12, 2, 13], "rotation": 90, "texture": "#basic_broom_atlas"},
				"south": {"uv": [11, 8, 14, 9], "rotation": 180, "texture": "#basic_broom_atlas"},
				"west": {"uv": [0, 10, 1, 12], "rotation": 90, "texture": "#basic_broom_atlas"},
				"up": {"uv": [0, 14, 3, 16], "texture": "#basic_broom_atlas"},
				"down": {"uv": [0, 8, 3, 10], "rotation": 180, "texture": "#basic_broom_atlas"}
			}
		},
		{
			"from": [6, 5, -8],
			"to": [8, 9, -4],
			"rotation": {"angle": 22.5, "axis": "y", "origin": [8, 0, -4]},
			"faces": {
				"north": {"uv": [8, 8, 9, 10], "texture": "#basic_broom_atlas"},
				"east": {"uv": [0, 12, 2, 14], "rotation": 90, "texture": "#basic_broom_atlas"},
				"south": {"uv": [11, 8, 12, 10], "rotation": 180, "texture": "#basic_broom_atlas"},
				"west": {"uv": [0, 10, 2, 12], "rotation": 90, "texture": "#basic_broom_atlas"},
				"up": {"uv": [0, 14, 2, 15], "rotation": 90, "texture": "#basic_broom_atlas"},
				"down": {"uv": [0, 8, 2, 9], "rotation": 270, "texture": "#basic_broom_atlas"}
			}
		},
		{
			"from": [6, 4, -12],
			"to": [8, 10, -8],
			"rotation": {"angle": 22.5, "axis": "y", "origin": [8, 0, -4]},
			"faces": {
				"north": {"uv": [8, 8, 9, 11], "texture": "#basic_broom_atlas"},
				"east": {"uv": [0, 12, 3, 14], "rotation": 90, "texture": "#basic_broom_atlas"},
				"south": {"uv": [11, 8, 12, 11], "rotation": 180, "texture": "#basic_broom_atlas"},
				"west": {"uv": [0, 10, 3, 12], "rotation": 90, "texture": "#basic_broom_atlas"},
				"up": {"uv": [0, 14, 2, 15], "rotation": 90, "texture": "#basic_broom_atlas"},
				"down": {"uv": [0, 8, 2, 9], "rotation": 270, "texture": "#basic_broom_atlas"}
			}
		},
		{
			"from": [8, 5, -8],
			"to": [10, 9, -4],
			"rotation": {"angle": -22.5, "axis": "y", "origin": [8, 0, -4]},
			"faces": {
				"north": {"uv": [8, 8, 9, 10], "texture": "#basic_broom_atlas"},
				"east": {"uv": [0, 12, 2, 14], "rotation": 90, "texture": "#basic_broom_atlas"},
				"south": {"uv": [11, 8, 12, 10], "rotation": 180, "texture": "#basic_broom_atlas"},
				"west": {"uv": [0, 10, 2, 12], "rotation": 90, "texture": "#basic_broom_atlas"},
				"up": {"uv": [0, 14, 2, 15], "rotation": 90, "texture": "#basic_broom_atlas"},
				"down": {"uv": [0, 8, 2, 9], "rotation": 270, "texture": "#basic_broom_atlas"}
			}
		},
		{
			"from": [8, 4, -12],
			"to": [10, 10, -8],
			"rotation": {"angle": -22.5, "axis": "y", "origin": [8, 0, -4]},
			"faces": {
				"north": {"uv": [8, 8, 9, 11], "texture": "#basic_broom_atlas"},
				"east": {"uv": [0, 12, 3, 14], "rotation": 90, "texture": "#basic_broom_atlas"},
				"south": {"uv": [11, 8, 12, 11], "rotation": 180, "texture": "#basic_broom_atlas"},
				"west": {"uv": [0, 10, 3, 12], "rotation": 90, "texture": "#basic_broom_atlas"},
				"up": {"uv": [0, 14, 2, 15], "rotation": 90, "texture": "#basic_broom_atlas"},
				"down": {"uv": [0, 8, 2, 9], "rotation": 270, "texture": "#basic_broom_atlas"}
			}
		},
		{
			"from": [14, 5, -9.1],
			"to": [16, 9, -5.1],
			"rotation": {"angle": 45, "axis": "y", "origin": [8, 0, -4]},
			"faces": {
				"north": {"uv": [8, 8, 9, 10], "texture": "#basic_broom_atlas"},
				"east": {"uv": [0, 12, 2, 14], "rotation": 90, "texture": "#basic_broom_atlas"},
				"south": {"uv": [11, 8, 12, 10], "rotation": 180, "texture": "#basic_broom_atlas"},
				"west": {"uv": [0, 10, 2, 12], "rotation": 90, "texture": "#basic_broom_atlas"},
				"up": {"uv": [0, 14, 2, 15], "rotation": 90, "texture": "#basic_broom_atlas"},
				"down": {"uv": [0, 8, 2, 9], "rotation": 270, "texture": "#basic_broom_atlas"}
			}
		},
		{
			"from": [0, 5, -9.1],
			"to": [2, 9, -5.1],
			"rotation": {"angle": -45, "axis": "y", "origin": [8, 0, -4]},
			"faces": {
				"north": {"uv": [8, 8, 9, 10], "texture": "#basic_broom_atlas"},
				"east": {"uv": [0, 12, 2, 14], "rotation": 90, "texture": "#basic_broom_atlas"},
				"south": {"uv": [11, 8, 12, 10], "rotation": 180, "texture": "#basic_broom_atlas"},
				"west": {"uv": [0, 10, 2, 12], "rotation": 90, "texture": "#basic_broom_atlas"},
				"up": {"uv": [0, 14, 2, 15], "rotation": 90, "texture": "#basic_broom_atlas"},
				"down": {"uv": [0, 8, 2, 9], "rotation": 270, "texture": "#basic_broom_atlas"}
			}
		}
	],
	"display": {
		"thirdperson_righthand": {
			"rotation": [-90, 0, 0],
			"translation": [0, 0, 3]
		},
		"thirdperson_lefthand": {
			"rotation": [90, 0, 0],
			"translation": [0, 0, 3]
		},
		"firstperson_righthand": {
			"rotation": [-90, 0, 0],
			"translation": [2, -8, 0],
			"scale": [0.8, 0.8, 0.8]
		},
		"firstperson_lefthand": {
			"rotation": [82, 0, -180],
			"translation": [2.75, -5, 0],
			"scale": [0.7, 0.7, 0.7]
		},
		"ground": {
			"translation": [0, 2.25, 0]
		},
		"gui": {
			"rotation": [-108.85, 42.2, 116.67],
			"scale": [0.5, 0.5, 0.5]
		},
		"head": {
			"rotation": [90, 0, 0],
			"translation": [0, -1.75, 0]
		},
		"fixed": {
			"rotation": [90, 0, 90],
			"scale": [2, 2, 2]
		}
	},
	"groups": [
		0,
		{
			"name": "handle",
			"origin": [0, 0, 0],
			"color": 0,
			"children": [1, 2, 3, 4, 5, 6, 7, 8, 9]
		},
		{
			"name": "brush",
			"origin": [8, 0, -4],
			"color": 0,
			"children": [10, 11, 12, 13, 14, 15, 16, 17, 18, 19, 20, 21, 22, 23, 24, 25]
		}
	]
}