{
	"credit": "Made with Blockbench",
	"textures": {
		"0": "block/birch_log",
		"2": "block/rose_bush_top",
		"particle": "block/birch_log"
	},
	"elements": [
		{
			"from": [8, 6, 5],
			"to": [9, 12, 11],
			"rotation": {"angle": 22.5, "axis": "z", "origin": [8, 0, 8]},
			"faces": {
				"north": {"uv": [4, 6, 5, 13], "texture": "#0"},
				"east": {"uv": [3, 6, 9, 13], "texture": "#0"},
				"south": {"uv": [5, 6, 6, 13], "texture": "#0"},
				"west": {"uv": [5, 6, 11, 13], "texture": "#0"},
				"up": {"uv": [4, 13, 10, 14], "rotation": 90, "texture": "#0"},
				"down": {"uv": [4, 5, 10, 6], "rotation": 270, "texture": "#0"}
			}
		},
		{
			"from": [8, -2, 7],
			"to": [9, 6, 9],
			"rotation": {"angle": 22.5, "axis": "z", "origin": [8, 0, 8]},
			"faces": {
				"north": {"uv": [7, 8, 8, 15], "texture": "#0"},
				"east": {"uv": [5, 7, 7, 14], "texture": "#0"},
				"south": {"uv": [4, 6, 5, 13], "texture": "#0"},
				"west": {"uv": [2, 3, 4, 10], "texture": "#0"},
				"up": {"uv": [10, 3, 12, 4], "rotation": 90, "texture": "#0"},
				"down": {"uv": [11, 8, 13, 9], "rotation": 270, "texture": "#0"}
			}
		},
		{
			"from": [7, 6, 5],
			"to": [8, 12, 11],
			"rotation": {"angle": -22.5, "axis": "z", "origin": [8, 0, 8]},
			"faces": {
				"north": {"uv": [3, 5, 4, 12], "texture": "#0"},
				"east": {"uv": [7, 5, 13, 12], "texture": "#0"},
				"south": {"uv": [4, 5, 5, 12], "texture": "#0"},
				"west": {"uv": [5, 5, 11, 12], "texture": "#0"},
				"up": {"uv": [5, 13, 11, 14], "rotation": 90, "texture": "#0"},
				"down": {"uv": [5, 12, 11, 13], "rotation": 270, "texture": "#0"}
			}
		},
		{
			"from": [7, -2, 7],
			"to": [8, 6, 9],
			"rotation": {"angle": -22.5, "axis": "z", "origin": [8, 0, 8]},
			"faces": {
				"north": {"uv": [7, 5, 8, 12], "texture": "#0"},
				"east": {"uv": [2, 5, 4, 12], "texture": "#0"},
				"south": {"uv": [6, 5, 7, 12], "texture": "#0"},
				"west": {"uv": [4, 5, 6, 12], "texture": "#0"},
				"up": {"uv": [9, 6, 11, 7], "rotation": 90, "texture": "#0"},
				"down": {"uv": [9, 5, 11, 6], "rotation": 270, "texture": "#0"}
			}
		},
		{
			"from": [5, 6, 8],
			"to": [11, 12, 9],
			"rotation": {"angle": -22.5, "axis": "x", "origin": [8, 0, 8]},
			"faces": {
				"north": {"uv": [6, 5, 12, 12], "texture": "#0"},
				"east": {"uv": [10, 5, 11, 12], "texture": "#0"},
				"south": {"uv": [1, 6, 7, 13], "texture": "#0"},
				"west": {"uv": [11, 0, 12, 7], "texture": "#0"},
				"up": {"uv": [12, 5, 13, 11], "rotation": 90, "texture": "#0"},
				"down": {"uv": [12, 0, 13, 6], "rotation": 270, "texture": "#0"}
			}
		},
		{
			"from": [7, -2, 8],
			"to": [9, 6, 9],
			"rotation": {"angle": -22.5, "axis": "x", "origin": [8, 0, 8]},
			"faces": {
				"north": {"uv": [7, 6, 9, 13], "texture": "#0"},
				"east": {"uv": [5, 6, 6, 13], "texture": "#0"},
				"south": {"uv": [7, 5, 9, 12], "texture": "#0"},
				"west": {"uv": [4, 6, 5, 13], "texture": "#0"},
				"up": {"uv": [6, 6, 7, 8], "rotation": 90, "texture": "#0"},
				"down": {"uv": [6, 8, 7, 10], "rotation": 270, "texture": "#0"}
			}
		},
		{
			"from": [5, 6, 7],
			"to": [11, 12, 8],
			"rotation": {"angle": 22.5, "axis": "x", "origin": [8, 0, 8]},
			"faces": {
				"north": {"uv": [4, 5, 10, 12], "texture": "#0"},
				"east": {"uv": [2, 5, 3, 12], "texture": "#0"},
				"south": {"uv": [7, 5, 13, 12], "texture": "#0"},
				"west": {"uv": [3, 5, 4, 12], "texture": "#0"},
				"up": {"uv": [2, 5, 3, 11], "rotation": 90, "texture": "#0"},
				"down": {"uv": [3, 5, 4, 11], "rotation": 270, "texture": "#0"}
			}
		},
		{
			"from": [7, -2, 7],
			"to": [9, 6, 8],
			"rotation": {"angle": 22.5, "axis": "x", "origin": [8, 0, 8]},
			"faces": {
				"north": {"uv": [4, 7, 6, 14], "texture": "#0"},
				"east": {"uv": [7, 7, 8, 14], "texture": "#0"},
				"south": {"uv": [2, 7, 4, 14], "texture": "#0"},
				"west": {"uv": [6, 7, 7, 14], "texture": "#0"},
				"up": {"uv": [9, 10, 10, 12], "rotation": 90, "texture": "#0"},
				"down": {"uv": [9, 7, 10, 9], "rotation": 270, "texture": "#0"}
			}
		},
		{
			"from": [8, 8, 3],
			"to": [8, 16, 13],
			"rotation": {"angle": -45, "axis": "y", "origin": [8, 0, 8]},
			"faces": {
				"north": {"uv": [0, 0, 0, 9], "texture": "#missing"},
				"east": {"uv": [1, 1, 15, 13], "texture": "#2"},
				"south": {"uv": [0, 0, 0, 9], "texture": "#missing"},
				"west": {"uv": [1, 1, 15, 13], "texture": "#2"},
				"up": {"uv": [0, 0, 8, 0], "rotation": 270, "texture": "#missing"},
				"down": {"uv": [0, 0, 8, 0], "rotation": 90, "texture": "#missing"}
			}
		},
		{
			"from": [3, 8, 8],
			"to": [13, 17, 8],
			"rotation": {"angle": -45, "axis": "y", "origin": [8, 0, 8]},
			"faces": {
				"north": {"uv": [1, 1, 15, 13], "texture": "#2"},
				"east": {"uv": [0, 0, 0, 9], "texture": "#missing"},
				"south": {"uv": [1, 1, 15, 13], "texture": "#2"},
				"west": {"uv": [0, 0, 0, 9], "texture": "#missing"},
				"up": {"uv": [0, 0, 8, 0], "texture": "#missing"},
				"down": {"uv": [0, 0, 8, 0], "texture": "#missing"}
			}
		}
	]
}