{
	"credit": "Made with Blockbench",
	"textures": {
		"0": "item/sintstaf",
		"particle": "item/sintstaf"
	},
	    "display": { "gui": {
            "rotation": [ 0, 45, -45 ],
            "translation": [ -1, -1, 0 ],
            "scale": [ 0.8, 0.8, 0.8 ]
        },
		"thirdperson_righthand": {
            "rotation": [ 60, 0, 0 ],
            "translation": [ 0, 0, 0 ],
            "scale": [ 1, 1, 1 ]
		},
		"thirdperson_lefthand": {
            "rotation": [ 240, 0, 0 ],
            "translation": [ 0, 0, 5 ],
            "scale": [ 1, 1, 1 ]
		},
		"firstperson_lefthand": {
            "rotation": [ 180, 0, 0 ],
            "translation": [ 0, 0, 5 ],
            "scale": [ 1, 1, 1 ]
		}
	},
	"elements": [
		{
			"from": [7, -4, 9],
			"to": [8, 16, 10],
			"rotation": {"angle": 0, "axis": "y", "origin": [8, 8, 10]},
			"faces": {
				"north": {"uv": [0, 6, 0.5, 14], "texture": "#0"},
				"east": {"uv": [0, 6, 0.5, 16], "texture": "#0"},
				"south": {"uv": [0, 6, 0.5, 13.5], "texture": "#0"},
				"west": {"uv": [0, 0, 0.5, 16], "texture": "#0"},
				"up": {"uv": [0, 0, 1, 1], "rotation": 180, "texture": "#0"},
				"down": {"uv": [0, 0, 0.5, 0.5], "rotation": 180, "texture": "#0"}
			}
		},
		{
			"from": [7, 16, 9],
			"to": [8, 17, 12],
			"rotation": {"angle": 0, "axis": "y", "origin": [8, 8, 10]},
			"faces": {
				"north": {"uv": [0, 0, 0.5, 0.5], "texture": "#0"},
				"east": {"uv": [6, 9, 7.5, 9.5], "texture": "#0"},
				"south": {"uv": [0, 0, 0.5, 0.5], "texture": "#0"},
				"west": {"uv": [4, 11, 5.5, 11.5], "texture": "#0"},
				"up": {"uv": [0, 3, 0.5, 4.5], "rotation": 180, "texture": "#0"},
				"down": {"uv": [0, 1.5, 0.5, 3], "rotation": 180, "texture": "#0"}
			}
		},
		{
			"from": [7, 17, 11],
			"to": [8, 22, 12],
			"rotation": {"angle": 0, "axis": "y", "origin": [8, 8, 10]},
			"faces": {
				"north": {"uv": [0, 2, 0.5, 4.5], "texture": "#0"},
				"east": {"uv": [0, 2.5, 0.5, 5], "texture": "#0"},
				"south": {"uv": [0, 6.5, 0.5, 9.5], "texture": "#0"},
				"west": {"uv": [0, 9.5, 0.5, 12.5], "texture": "#0"},
				"up": {"uv": [0, 0, 0.5, 0.5], "rotation": 180, "texture": "#0"},
				"down": {"uv": [0, 0, 1, 1], "rotation": 180, "texture": "#0"}
			}
		},
		{
			"from": [7, 18, 7],
			"to": [8, 21, 8],
			"rotation": {"angle": 0, "axis": "y", "origin": [8, 8, 10]},
			"faces": {
				"north": {"uv": [0, 7.5, 0.5, 9], "texture": "#0"},
				"east": {"uv": [0, 7.5, 0.5, 9], "texture": "#0"},
				"south": {"uv": [0, 7, 0.5, 8.5], "texture": "#0"},
				"west": {"uv": [0, 2.5, 0.5, 4], "texture": "#0"},
				"up": {"uv": [0, 0, 1, 1], "rotation": 180, "texture": "#0"},
				"down": {"uv": [0, 0, 0.5, 0.5], "rotation": 180, "texture": "#0"}
			}
		},
		{
			"from": [7, 21, 7],
			"to": [8, 22, 11],
			"rotation": {"angle": 0, "axis": "y", "origin": [8, 8, 10]},
			"faces": {
				"north": {"uv": [0.5, 0.5, 1, 1], "texture": "#0"},
				"east": {"uv": [11.5, 2.5, 13.5, 3], "texture": "#0"},
				"south": {"uv": [0, 0, 1, 1], "texture": "#0"},
				"west": {"uv": [10.5, 2.5, 12, 3], "texture": "#0"},
				"up": {"uv": [0, 0, 0.5, 2], "rotation": 180, "texture": "#0"},
				"down": {"uv": [0, 1, 0.5, 3], "rotation": 180, "texture": "#0"}
			}
		},
		{
			"from": [7, 18, 8],
			"to": [8, 19, 10],
			"rotation": {"angle": 0, "axis": "y", "origin": [8, 8, 10]},
			"faces": {
				"north": {"uv": [0, 0, 1, 1], "texture": "#0"},
				"east": {"uv": [0, 0, 1, 0.5], "texture": "#0"},
				"south": {"uv": [0, 0, 0.5, 0.5], "texture": "#0"},
				"west": {"uv": [0, 4, 1, 4.5], "texture": "#0"},
				"up": {"uv": [0, 2, 0.5, 3], "rotation": 180, "texture": "#0"},
				"down": {"uv": [0, 0, 1, 2], "rotation": 180, "texture": "#0"}
			}
		},
		{
			"from": [7, 19, 9],
			"to": [8, 20, 10],
			"rotation": {"angle": 0, "axis": "y", "origin": [8, 8, 10]},
			"faces": {
				"north": {"uv": [0, 0, 0.5, 0.5], "texture": "#0"},
				"east": {"uv": [0, 0, 0.5, 0.5], "texture": "#0"},
				"south": {"uv": [0, 0, 0.5, 0.5], "texture": "#0"},
				"west": {"uv": [0, 0, 0.5, 0.5], "texture": "#0"},
				"up": {"uv": [0, 0, 0.5, 0.5], "rotation": 180, "texture": "#0"},
				"down": {"uv": [0, 0, 0.5, 0.5], "rotation": 180, "texture": "#0"}
			}
		}
	]
}