{
  "credit": "Made with Blockbench",
  "render_type": "minecraft:cutout",
  "textures": {
    "all": "farmersdelight:block/rope",
    "particle": "farmersdelight:block/rope"
  },
  "elements": [
    {
      "from": [7, 16, 7],
      "to": [9, 22, 9],
      "faces": {
        "north": {"uv": [9, 10, 7, 16], "texture": "#all"},
        "east": {"uv": [7, 10, 9, 16], "texture": "#all"},
        "south": {"uv": [9, 10, 7, 16], "texture": "#all"},
        "west": {"uv": [7, 10, 9, 16], "texture": "#all"},
        "up": {"uv": [7, 7, 9, 9], "texture": "#all"},
        "down": {"uv": [7, 7, 9, 9], "texture": "#all"}
      }
    }
  ]
}