{
  "variants": {
    "facing=north,lit=false": {
      "model": "farmersdelight:block/stove"
    },
    "facing=south,lit=false": {
      "model": "farmersdelight:block/stove",
      "y": 180
    },
    "facing=west,lit=false": {
      "model": "farmersdelight:block/stove",
      "y": 270
    },
    "facing=east,lit=false": {
      "model": "farmersdelight:block/stove",
      "y": 90
    },
    "facing=north,lit=true": {
      "model": "farmersdelight:block/stove_on"
    },
    "facing=south,lit=true": {
      "model": "farmersdelight:block/stove_on",
      "y": 180
    },
    "facing=west,lit=true": {
      "model": "farmersdelight:block/stove_on",
      "y": 270
    },
    "facing=east,lit=true": {
      "model": "farmersdelight:block/stove_on",
      "y": 90
    }
  }
}