{
	"credit": "Made with Blockbench",
	"textures": {
		"0": "item/gear/banana",
		"particle": "item/gear/banana"
	},
	"elements": [
		{
			"from": [9, 9, 4],
			"to": [10, 16, 6],
			"rotation": {"angle": 0, "axis": "y", "origin": [0, 7, 0]},
			"faces": {
				"north": {"uv": [0, 0, 0.5, 3.5], "texture": "#0"},
				"east": {"uv": [2, 1, 3, 4.5], "texture": "#0"},
				"south": {"uv": [1.5, 0, 2, 3.5], "texture": "#0"},
				"west": {"uv": [0, 0, 2, 7], "texture": "#0"},
				"up": {"uv": [0, 0, 1, 2], "texture": "#0"},
				"down": {"uv": [0, 0, 1, 2], "texture": "#0"}
			}
		},
		{
			"from": [6, 16, 5],
			"to": [10, 18, 6],
			"rotation": {"angle": 0, "axis": "y", "origin": [0, 7, 0]},
			"faces": {
				"north": {"uv": [0, 0, 2, 1], "texture": "#0"},
				"east": {"uv": [0, 2, 0.5, 3], "texture": "#0"},
				"south": {"uv": [0, 0, 2, 1], "texture": "#0"},
				"west": {"uv": [0, 0, 0.5, 1], "texture": "#0"},
				"up": {"uv": [0, 0, 2, 0.5], "texture": "#0"},
				"down": {"uv": [0, 0, 4, 1], "texture": "#0"}
			}
		},
		{
			"from": [6, 8, 5],
			"to": [10, 9, 6],
			"rotation": {"angle": 0, "axis": "y", "origin": [0, 7, 0]},
			"faces": {
				"north": {"uv": [1, 7.5, 3, 8], "texture": "#0"},
				"east": {"uv": [1.5, 6, 2, 6.5], "texture": "#0"},
				"south": {"uv": [1.5, 6, 2, 6.5], "texture": "#0"},
				"west": {"uv": [5.5, 7, 6, 7.5], "texture": "#0"},
				"up": {"uv": [0, 0, 4, 1], "texture": "#0"},
				"down": {"uv": [4, 6, 6, 6.5], "texture": "#0"}
			}
		},
		{
			"from": [6.97, 9, 3],
			"to": [9.03, 17, 7],
			"rotation": {"angle": 0, "axis": "y", "origin": [0, 7, 0]},
			"faces": {
				"north": {"uv": [3.5, 4, 4.5, 8], "texture": "#0"},
				"east": {"uv": [5.5, 0, 7.5, 4], "texture": "#0"},
				"south": {"uv": [0, 1, 1, 4.5], "texture": "#0"},
				"west": {"uv": [2, 0, 4, 4], "texture": "#0"},
				"up": {"uv": [0, 0, 2.06, 4], "texture": "#0"},
				"down": {"uv": [0, 0, 2.06, 4], "texture": "#0"}
			}
		},
		{
			"from": [6.98, 17.3, -1],
			"to": [9.02, 20.3, 3],
			"rotation": {"angle": 22.5, "axis": "x", "origin": [0, 7, 0]},
			"faces": {
				"north": {"uv": [2, 2, 3, 3.5], "texture": "#0"},
				"east": {"uv": [1.5, 1, 3.5, 2.5], "texture": "#0"},
				"south": {"uv": [0, 0, 1, 1.5], "texture": "#0"},
				"west": {"uv": [12, 0, 14, 1.5], "texture": "#0"},
				"up": {"uv": [0, 0, 2, 4], "texture": "#0"},
				"down": {"uv": [0, 0, 2, 4], "texture": "#0"}
			}
		},
		{
			"from": [6.98, 4.2, 3.75],
			"to": [9.02, 8.2, 7.75],
			"rotation": {"angle": -22.5, "axis": "x", "origin": [0, 7, 0]},
			"faces": {
				"north": {"uv": [3, 7, 4, 9], "texture": "#0"},
				"east": {"uv": [3.5, 6.5, 5.5, 8.5], "texture": "#0"},
				"south": {"uv": [2, 6.5, 3, 8.5], "texture": "#0"},
				"west": {"uv": [2, 6, 4, 8], "texture": "#0"},
				"up": {"uv": [0, 0, 2.04, 4], "texture": "#0"},
				"down": {"uv": [0, 0, 2.04, 4], "texture": "#0"}
			}
		},
		{
			"from": [7.51, 0.7, 8],
			"to": [8.49, 3.7, 9],
			"rotation": {"angle": -22.5, "axis": "x", "origin": [0, 7, 0]},
			"faces": {
				"north": {"uv": [0, 0, 0.98, 3], "texture": "#0"},
				"east": {"uv": [4.5, 7.5, 5, 9], "texture": "#0"},
				"south": {"uv": [4.5, 7.5, 5, 9], "texture": "#0"},
				"west": {"uv": [4.5, 7.5, 5, 9], "texture": "#0"},
				"up": {"uv": [0, 0, 0.98, 1], "texture": "#0"},
				"down": {"uv": [6, 8.5, 6.5, 9], "texture": "#0"}
			}
		},
		{
			"from": [7, 8, 4.75],
			"to": [9, 11, 8.75],
			"rotation": {"angle": 22.5, "axis": "x", "origin": [0, 7, 0]},
			"faces": {
				"north": {"uv": [0, 0, 2, 3], "texture": "#0"},
				"east": {"uv": [3.5, 7, 5, 9], "rotation": 90, "texture": "#0"},
				"south": {"uv": [1.5, 7.5, 2.5, 9], "texture": "#0"},
				"west": {"uv": [4, 7, 5.5, 9], "rotation": 90, "texture": "#0"},
				"up": {"uv": [4, 7, 5, 9], "texture": "#0"},
				"down": {"uv": [3, 7, 4, 9], "texture": "#0"}
			}
		},
		{
			"from": [7.5, 8, 8.75],
			"to": [8.5, 10, 9.75],
			"rotation": {"angle": 22.5, "axis": "x", "origin": [0, 7, 0]},
			"faces": {
				"north": {"uv": [0, 0, 1, 2], "texture": "#0"},
				"east": {"uv": [6.5, 8, 7, 9], "texture": "#0"},
				"south": {"uv": [0, 0, 1, 2], "texture": "#0"},
				"west": {"uv": [1.5, 8, 2, 9], "texture": "#0"},
				"up": {"uv": [0, 0, 1, 1], "texture": "#0"},
				"down": {"uv": [12, 8, 12.5, 8.5], "texture": "#0"}
			}
		},
		{
			"from": [7.5, 8, 9.75],
			"to": [8.5, 9, 10.75],
			"rotation": {"angle": 22.5, "axis": "x", "origin": [0, 7, 0]},
			"faces": {
				"north": {"uv": [0, 0, 1, 1], "texture": "#0"},
				"east": {"uv": [3.5, 8.5, 4, 9], "texture": "#0"},
				"south": {"uv": [8.5, 8.5, 9, 9], "texture": "#0"},
				"west": {"uv": [4.5, 8.5, 5, 9], "texture": "#0"},
				"up": {"uv": [0, 0, 1, 1], "texture": "#0"},
				"down": {"uv": [3, 8.5, 3.5, 9], "texture": "#0"}
			}
		},
		{
			"from": [7, 20.3, 0],
			"to": [9, 22.3, 2],
			"rotation": {"angle": 22.5, "axis": "x", "origin": [0, 7, 0]},
			"faces": {
				"north": {"uv": [5.5, 0, 6.5, 1], "texture": "#0"},
				"east": {"uv": [2.5, 0.5, 3.5, 1.5], "texture": "#0"},
				"south": {"uv": [1, 0.5, 2, 1.5], "texture": "#0"},
				"west": {"uv": [1, 0.5, 2, 1.5], "texture": "#0"},
				"up": {"uv": [0, 0, 1, 1], "texture": "#0"},
				"down": {"uv": [0, 0, 2, 2], "texture": "#0"}
			}
		},
		{
			"from": [7.5, 22.3, 0.5],
			"to": [8.5, 25.3, 1.5],
			"rotation": {"angle": 22.5, "axis": "x", "origin": [0, 7, 0]},
			"faces": {
				"north": {"uv": [1, 9.5, 1.5, 11], "texture": "#0"},
				"east": {"uv": [1.5, 10, 2, 11.5], "texture": "#0"},
				"south": {"uv": [0, 10, 0.5, 11.5], "texture": "#0"},
				"west": {"uv": [2, 9, 2.5, 10.5], "texture": "#0"},
				"up": {"uv": [0, 10, 0.5, 10.5], "texture": "#0"},
				"down": {"uv": [0, 0, 1, 1], "texture": "#0"}
			}
		},
		{
			"from": [7.51, 21.3, 6.5],
			"to": [8.49, 23.8, 7.5],
			"rotation": {"angle": 0, "axis": "y", "origin": [0, 7, 0]},
			"faces": {
				"north": {"uv": [1, 10.5, 1.5, 11.5], "texture": "#0"},
				"east": {"uv": [0.5, 9.5, 1, 11], "texture": "#0"},
				"south": {"uv": [0, 9.5, 0.5, 11], "texture": "#0"},
				"west": {"uv": [1, 9.5, 1.5, 10.5], "texture": "#0"},
				"up": {"uv": [1.5, 10, 2, 10.5], "texture": "#0"},
				"down": {"uv": [0, 0, 1, 1], "texture": "#0"}
			}
		},
		{
			"from": [6.99, 18.9, -6],
			"to": [9.01, 20.9, -4],
			"rotation": {"angle": 45, "axis": "x", "origin": [0, 7, 0]},
			"faces": {
				"north": {"uv": [5.5, 2, 6.5, 3], "texture": "#0"},
				"east": {"uv": [1, 1, 2, 2], "texture": "#0"},
				"south": {"uv": [0, 0, 2, 2], "texture": "#0"},
				"west": {"uv": [0, 0, 1, 1], "texture": "#0"},
				"up": {"uv": [0, 0, 2, 2], "texture": "#0"},
				"down": {"uv": [0, 0, 2, 2], "texture": "#0"}
			}
		},
		{
			"from": [7, 20.3, 2],
			"to": [9, 21.3, 3],
			"rotation": {"angle": 22.5, "axis": "x", "origin": [0, 7, 0]},
			"faces": {
				"north": {"uv": [0, 0, 2, 1], "texture": "#0"},
				"east": {"uv": [1, 0, 1.5, 0.5], "texture": "#0"},
				"south": {"uv": [0, 0, 1, 0.5], "texture": "#0"},
				"west": {"uv": [0.5, 0.5, 1, 1], "texture": "#0"},
				"up": {"uv": [0.5, 0.5, 1.5, 1], "texture": "#0"},
				"down": {"uv": [0, 0, 2, 1], "texture": "#0"}
			}
		},
		{
			"from": [6, 9, 4],
			"to": [7, 16, 6],
			"rotation": {"angle": 0, "axis": "y", "origin": [0, 7, 0]},
			"faces": {
				"north": {"uv": [0, 0, 0.5, 3.5], "texture": "#0"},
				"east": {"uv": [0, 0, 2, 7], "texture": "#0"},
				"south": {"uv": [0, 0, 0.5, 3.5], "texture": "#0"},
				"west": {"uv": [2.5, 1, 3.5, 4.5], "texture": "#0"},
				"up": {"uv": [0, 0, 1, 2], "texture": "#0"},
				"down": {"uv": [0, 0, 1, 2], "texture": "#0"}
			}
		}
	],
	"display": {
		"thirdperson_righthand": {
			"rotation": [0, -180, 0],
			"translation": [0, -5, 0],
			"scale": [0.99, 0.99, 0.99]
		},
		"thirdperson_lefthand": {
			"rotation": [0, -180, 0],
			"translation": [0, -5, 0],
			"scale": [0.97, 0.99, 0.99]
		},
		"firstperson_righthand": {
			"rotation": [14, -165, 0],
			"translation": [-0.25, 0, 0],
			"scale": [0.6, 0.6, 0.6]
		},
		"firstperson_lefthand": {
			"rotation": [14, -165, 0],
			"translation": [-0.25, 0, 0],
			"scale": [0.6, 0.6, 0.6]
		},
		"ground": {
			"translation": [0, 0.5, 0]
		},
		"gui": {
			"rotation": [-84.5, -43.5, -99.25],
			"translation": [-4, -3, 0]
		},
		"fixed": {
			"rotation": [0, 90, 0],
			"translation": [5.25, -9.5, -3],
			"scale": [2, 2, 2]
		}
	}
}