{
	"credit": "Made with Blockbench",
	"texture_size": [32, 32],
	"textures": {
		"0": "item/sintstaf",
		"particle": "item/sintstaf"
	},
	"elements": [
		{
			"from": [7, -4, 9],
			"to": [8, 11, 10],
			"rotation": {"angle": -45, "axis": "y", "origin": [7.5, 7.5, 9.5]},
			"faces": {
				"north": {"uv": [1, 1, 0.5, 8.5], "texture": "#0"},
				"east": {"uv": [0, 0, 0.5, 10], "texture": "#0"},
				"south": {"uv": [0, 0, 0.5, 7.5], "texture": "#0"},
				"west": {"uv": [0, 0, 0.5, 7.5], "texture": "#0"},
				"up": {"uv": [0, 0, 1, 1], "rotation": 180, "texture": "#0"},
				"down": {"uv": [0, 0, 0.5, 0.5], "rotation": 180, "texture": "#0"}
			}
		},
		{
			"from": [7, 12, 9],
			"to": [8, 16, 10],
			"rotation": {"angle": 0, "axis": "y", "origin": [7.5, 7.5, 9.5]},
			"faces": {
				"north": {"uv": [0, 6, 0.5, 8], "texture": "#0"},
				"east": {"uv": [0, 6, 0.5, 8], "texture": "#0"},
				"south": {"uv": [0, 6, 0.5, 8], "texture": "#0"},
				"west": {"uv": [0, 0, 0.5, 2], "texture": "#0"},
				"up": {"uv": [0, 0, 1, 1], "rotation": 180, "texture": "#0"},
				"down": {"uv": [0, 0, 0.5, 0.5], "rotation": 180, "texture": "#0"}
			}
		},
		{
			"from": [7, -9, 9],
			"to": [8, -5, 10],
			"rotation": {"angle": 0, "axis": "y", "origin": [7.5, 7.5, 9.5]},
			"faces": {
				"north": {"uv": [0, 6, 0.5, 8], "texture": "#0"},
				"east": {"uv": [0, 6, 0.5, 8], "texture": "#0"},
				"south": {"uv": [0, 6, 0.5, 8], "texture": "#0"},
				"west": {"uv": [0, 0, 0.5, 2], "texture": "#0"},
				"up": {"uv": [0, 0, 1, 1], "rotation": 180, "texture": "#0"},
				"down": {"uv": [0, 0, 0.5, 0.5], "rotation": 180, "texture": "#0"}
			}
		},
		{
			"from": [6.5, 11, 8.5],
			"to": [8.5, 12, 10.5],
			"rotation": {"angle": 0, "axis": "y", "origin": [6.5, 7.5, 9.5]},
			"faces": {
				"north": {"uv": [0, 6, 1, 6.5], "texture": "#0"},
				"east": {"uv": [0, 6, 1, 6.5], "texture": "#0"},
				"south": {"uv": [0, 6, 1, 6.5], "texture": "#0"},
				"west": {"uv": [0, 0, 1, 0.5], "texture": "#0"},
				"up": {"uv": [0, 8.5, 1, 9.5], "rotation": 180, "texture": "#0"},
				"down": {"uv": [0, 7.5, 1, 8.5], "rotation": 180, "texture": "#0"}
			}
		},
		{
			"from": [6.5, -5, 8.5],
			"to": [8.5, -4, 10.5],
			"rotation": {"angle": 0, "axis": "y", "origin": [6.5, 7.5, 9.5]},
			"faces": {
				"north": {"uv": [0, 6, 1, 6.5], "texture": "#0"},
				"east": {"uv": [0, 6, 1, 6.5], "texture": "#0"},
				"south": {"uv": [0, 6, 1, 6.5], "texture": "#0"},
				"west": {"uv": [0, 0, 1, 0.5], "texture": "#0"},
				"up": {"uv": [0, 8.5, 1, 9.5], "rotation": 180, "texture": "#0"},
				"down": {"uv": [0, 7.5, 1, 8.5], "rotation": 180, "texture": "#0"}
			}
		},
		{
			"from": [7, 16, 9],
			"to": [8, 17, 12],
			"rotation": {"angle": -22.5, "axis": "x", "origin": [8, 16, 10]},
			"faces": {
				"north": {"uv": [0, 0, 0.5, 0.5], "texture": "#0"},
				"east": {"uv": [6, 9, 7.5, 9.5], "texture": "#0"},
				"south": {"uv": [0, 0, 0.5, 0.5], "texture": "#0"},
				"west": {"uv": [4, 11, 5.5, 11.5], "texture": "#0"},
				"up": {"uv": [0, 3, 0.5, 4.5], "rotation": 180, "texture": "#0"},
				"down": {"uv": [0, 1.5, 0.5, 3], "rotation": 180, "texture": "#0"}
			}
		},
		{
			"from": [7, 17, 11],
			"to": [8, 19, 12],
			"rotation": {"angle": 22.5, "axis": "x", "origin": [8, 17, 11]},
			"faces": {
				"north": {"uv": [0, 2, 0.5, 4.5], "texture": "#0"},
				"east": {"uv": [0, 2.5, 0.5, 5], "texture": "#0"},
				"south": {"uv": [0, 6.5, 0.5, 9.5], "texture": "#0"},
				"west": {"uv": [0, 9.5, 0.5, 12.5], "texture": "#0"},
				"up": {"uv": [0, 0, 0.5, 0.5], "rotation": 180, "texture": "#0"},
				"down": {"uv": [0, 0, 1, 1], "rotation": 180, "texture": "#0"}
			}
		},
		{
			"from": [7, 20, 11],
			"to": [8, 22, 12],
			"rotation": {"angle": -22.5, "axis": "x", "origin": [8, 22, 12]},
			"faces": {
				"north": {"uv": [0, 2, 0.5, 4.5], "texture": "#0"},
				"east": {"uv": [0, 2.5, 0.5, 5], "texture": "#0"},
				"south": {"uv": [0, 6.5, 0.5, 9.5], "texture": "#0"},
				"west": {"uv": [0, 9.5, 0.5, 12.5], "texture": "#0"},
				"up": {"uv": [0, 0, 0.5, 0.5], "rotation": 180, "texture": "#0"},
				"down": {"uv": [0, 0, 1, 1], "rotation": 180, "texture": "#0"}
			}
		},
		{
			"from": [7, 21, 10],
			"to": [8, 22, 12],
			"rotation": {"angle": 22.5, "axis": "x", "origin": [8, 22, 12]},
			"faces": {
				"north": {"uv": [0, 0, 1, 1], "texture": "#0"},
				"east": {"uv": [0, 2.5, 0.5, 5], "rotation": 270, "texture": "#0"},
				"south": {"uv": [0, 0, 0.5, 0.5], "rotation": 180, "texture": "#0"},
				"west": {"uv": [0, 9.5, 0.5, 12.5], "rotation": 90, "texture": "#0"},
				"up": {"uv": [0, 2, 0.5, 4.5], "rotation": 180, "texture": "#0"},
				"down": {"uv": [0, 6.5, 0.5, 9.5], "texture": "#0"}
			}
		},
		{
			"from": [7, 19, 6.2],
			"to": [8, 20, 7.2],
			"rotation": {"angle": -22.5, "axis": "x", "origin": [8, 20, 6]},
			"faces": {
				"north": {"uv": [0, 6.5, 0.5, 9.5], "rotation": 180, "texture": "#0"},
				"east": {"uv": [0, 2.5, 0.5, 5], "rotation": 180, "texture": "#0"},
				"south": {"uv": [0, 2, 0.5, 4.5], "rotation": 180, "texture": "#0"},
				"west": {"uv": [0, 9.5, 0.5, 12.5], "rotation": 180, "texture": "#0"},
				"up": {"uv": [0, 0, 1, 1], "rotation": 180, "texture": "#0"},
				"down": {"uv": [0, 0, 0.5, 0.5], "rotation": 180, "texture": "#0"}
			}
		},
		{
			"from": [7, 19.84776, 6.23463],
			"to": [8, 21.84776, 7.23463],
			"rotation": {"angle": 22.5, "axis": "x", "origin": [8, 20, 7]},
			"faces": {
				"north": {"uv": [0, 2, 0.5, 4.5], "texture": "#0"},
				"east": {"uv": [0, 2.5, 0.5, 5], "texture": "#0"},
				"south": {"uv": [0, 6.5, 0.5, 9.5], "texture": "#0"},
				"west": {"uv": [0, 9.5, 0.5, 12.5], "texture": "#0"},
				"up": {"uv": [0, 0, 0.5, 0.5], "rotation": 180, "texture": "#0"},
				"down": {"uv": [0, 0, 1, 1], "rotation": 180, "texture": "#0"}
			}
		},
		{
			"from": [7, 18, 6.1],
			"to": [8, 19.7, 7.1],
			"rotation": {"angle": -45, "axis": "x", "origin": [8, 20, 7]},
			"faces": {
				"north": {"uv": [0, 6.5, 0.5, 9.5], "rotation": 180, "texture": "#0"},
				"east": {"uv": [0, 2.5, 0.5, 5], "rotation": 180, "texture": "#0"},
				"south": {"uv": [0, 2, 0.5, 4.5], "rotation": 180, "texture": "#0"},
				"west": {"uv": [0, 9.5, 0.5, 12.5], "rotation": 180, "texture": "#0"},
				"up": {"uv": [0, 0, 1, 1], "rotation": 180, "texture": "#0"},
				"down": {"uv": [0, 0, 0.5, 0.5], "rotation": 180, "texture": "#0"}
			}
		},
		{
			"from": [7, 17, 6.1],
			"to": [8, 18, 9.1],
			"rotation": {"angle": -45, "axis": "x", "origin": [8, 20, 7]},
			"faces": {
				"north": {"uv": [0, 6.5, 0.5, 9.5], "rotation": 180, "texture": "#0"},
				"east": {"uv": [0, 2.5, 0.5, 5], "rotation": 180, "texture": "#0"},
				"south": {"uv": [0, 2, 0.5, 4.5], "rotation": 180, "texture": "#0"},
				"west": {"uv": [0, 9.5, 0.5, 12.5], "rotation": 180, "texture": "#0"},
				"up": {"uv": [0, 0, 1, 1], "rotation": 180, "texture": "#0"},
				"down": {"uv": [0, 0, 0.5, 0.5], "rotation": 180, "texture": "#0"}
			}
		},
		{
			"from": [7, 21, 7],
			"to": [8, 22, 9],
			"rotation": {"angle": -22.5, "axis": "x", "origin": [8, 22, 7]},
			"faces": {
				"north": {"uv": [0, 0, 0.5, 0.5], "texture": "#0"},
				"east": {"uv": [0, 2.5, 0.5, 5], "rotation": 90, "texture": "#0"},
				"south": {"uv": [0, 0, 1, 1], "rotation": 180, "texture": "#0"},
				"west": {"uv": [0, 9.5, 0.5, 12.5], "rotation": 270, "texture": "#0"},
				"up": {"uv": [0, 6.5, 0.5, 9.5], "texture": "#0"},
				"down": {"uv": [0, 2, 0.5, 4.5], "rotation": 180, "texture": "#0"}
			}
		},
		{
			"from": [7, 18.4, 11.7],
			"to": [8, 20.4, 12.7],
			"rotation": {"angle": 0, "axis": "y", "origin": [8, 8, 10]},
			"faces": {
				"north": {"uv": [0, 7.5, 0.5, 9], "texture": "#0"},
				"east": {"uv": [0, 7.5, 0.5, 9], "texture": "#0"},
				"south": {"uv": [0, 7, 0.5, 8.5], "texture": "#0"},
				"west": {"uv": [0, 2.5, 0.5, 4], "texture": "#0"},
				"up": {"uv": [0, 0, 1, 1], "rotation": 180, "texture": "#0"},
				"down": {"uv": [0, 0, 0.5, 0.5], "rotation": 180, "texture": "#0"}
			}
		},
		{
			"from": [7, 21.8, 8.2],
			"to": [8, 22.8, 10.2],
			"rotation": {"angle": 0, "axis": "y", "origin": [8, 8, 10]},
			"faces": {
				"north": {"uv": [0, 7.5, 0.5, 9], "texture": "#0"},
				"east": {"uv": [0, 7.5, 0.5, 9], "texture": "#0"},
				"south": {"uv": [0, 7, 0.5, 8.5], "texture": "#0"},
				"west": {"uv": [0, 2.5, 0.5, 4], "texture": "#0"},
				"up": {"uv": [0, 0, 1, 1], "rotation": 180, "texture": "#0"},
				"down": {"uv": [0, 0, 0.5, 0.5], "rotation": 180, "texture": "#0"}
			}
		}
	],
	"display": {
		"thirdperson_righthand": {
			"rotation": [41, 0, 0],
			"translation": [0.5, 2.75, 3.75]
		},
		"thirdperson_lefthand": {
			"rotation": [240, 0, 0],
			"translation": [-1, -5.75, -1]
		},
		"firstperson_lefthand": {
			"rotation": [180, 180, 0],
			"translation": [-3, 18, 5]
		},
		"gui": {
			"rotation": [0, 45, -45],
			"translation": [-1, -1, 0],
			"scale": [0.8, 0.8, 0.8]
		},
		"head": {
			"rotation": [0, 90, 0],
			"translation": [-1.5, 3, -0.5]
		},
		"fixed": {
			"rotation": [0, 90, 0],
			"translation": [-1.75, 1.75, -3]
		}
	}
}