{
    "parent": "block/carved_pumpkin",

    "overrides": [
		{ "predicate": { "custom_model_data": 1}, "model": "item/skins/hat/kerstmuts" },
		{ "predicate": { "custom_model_data": 2}, "model": "item/skins/hat/quizhat" },
		{ "predicate": { "custom_model_data": 3}, "model": "item/skins/hat/spookyhat" },
		{ "predicate": { "custom_model_data": 4}, "model": "item/skins/hat/ockyhalo" },
		{ "predicate": { "custom_model_data": 5}, "model": "item/skins/hat/paper_bag" },
		{ "predicate": { "custom_model_data": 6}, "model": "item/skins/hat/hay_hat" },
		{ "predicate": { "custom_model_data": 7}, "model": "item/skins/hat/sprouthead" },
		{ "predicate": { "custom_model_data": 8}, "model": "item/skins/hat/glasses" },
		{ "predicate": { "custom_model_data": 8}, "model": "item/skins/hat/bart_mask" }
	]
}