{
	"credit": "Made with Blockbench",
	"texture_size": [32, 32],
	"textures": {
		"2": "item/gear/lawn",
		"3": "item/gear/lawngrass",
		"4": "item/gear/lawnwheel2",
		"5": "item/gear/lawnwheel1",
		"particle": "item/gear/lawnwheel2"
	},
	"elements": [
		{
			"from": [2, 1, 0],
			"to": [14, 6, 16],
			"rotation": {"angle": 0, "axis": "y", "origin": [0, -1, 0]},
			"faces": {
				"north": {"uv": [4, 8, 10, 10.5], "texture": "#2"},
				"east": {"uv": [5, 0, 7.5, 8], "rotation": 90, "texture": "#2"},
				"south": {"uv": [10, 8, 16, 10.5], "texture": "#2"},
				"west": {"uv": [7.5, 0, 10, 8], "rotation": 90, "texture": "#2"},
				"up": {"uv": [10, 0, 16, 8], "texture": "#2"},
				"down": {"uv": [10, 0, 16, 8], "texture": "#2"}
			}
		},
		{
			"from": [4, 2, 16],
			"to": [12, 6, 20],
			"rotation": {"angle": 0, "axis": "y", "origin": [0, -1, 0]},
			"faces": {
				"north": {"uv": [0, 9, 4, 11], "texture": "#2"},
				"east": {"uv": [4, 10.5, 6, 12.5], "rotation": 270, "texture": "#2"},
				"south": {"uv": [0, 7, 4, 9], "texture": "#2"},
				"west": {"uv": [4, 10.5, 6, 12.5], "rotation": 90, "texture": "#2"},
				"up": {"uv": [0, 14, 4, 16], "texture": "#2"},
				"down": {"uv": [0, 10.5, 4, 12.5], "texture": "#2"}
			}
		},
		{
			"from": [4, 6, 2],
			"to": [12, 7, 10],
			"rotation": {"angle": 0, "axis": "y", "origin": [0, -1, 0]},
			"faces": {
				"north": {"uv": [12, 15, 16, 15.5], "texture": "#2"},
				"east": {"uv": [12, 15.5, 16, 16], "texture": "#2"},
				"south": {"uv": [12, 15.5, 16, 16], "texture": "#2"},
				"west": {"uv": [12, 15.5, 16, 16], "texture": "#2"},
				"up": {"uv": [12, 11, 16, 15], "texture": "#2"},
				"down": {"uv": [12, 11, 16, 15], "texture": "#2"}
			}
		},
		{
			"from": [14, 0, 2],
			"to": [15, 3, 5],
			"rotation": {"angle": 0, "axis": "y", "origin": [0, -1, 0]},
			"faces": {
				"north": {"uv": [11.5, 12, 12, 13.5], "texture": "#2"},
				"east": {"uv": [0, 0, 3, 3], "texture": "#missing"},
				"south": {"uv": [11.5, 13, 12, 14.5], "texture": "#2"},
				"west": {"uv": [0, 0, 3, 3], "texture": "#missing"},
				"up": {"uv": [11.5, 14.5, 12, 16], "texture": "#2"},
				"down": {"uv": [11.5, 13, 12, 14.5], "texture": "#2"}
			}
		},
		{
			"from": [1, 0, 2],
			"to": [2, 3, 5],
			"rotation": {"angle": 0, "axis": "y", "origin": [0, -1, 0]},
			"faces": {
				"north": {"uv": [11.5, 12, 12, 13.5], "texture": "#2"},
				"east": {"uv": [0, 0, 3, 3], "texture": "#missing"},
				"south": {"uv": [11.5, 13, 12, 14.5], "texture": "#2"},
				"west": {"uv": [0, 0, 3, 3], "texture": "#missing"},
				"up": {"uv": [11.5, 14.5, 12, 16], "texture": "#2"},
				"down": {"uv": [11.5, 13, 12, 14.5], "texture": "#2"}
			}
		},
		{
			"from": [14, 0, 10],
			"to": [15, 5, 15],
			"rotation": {"angle": 0, "axis": "y", "origin": [0, -1, 0]},
			"faces": {
				"north": {"uv": [11.5, 13.5, 12, 16], "texture": "#2"},
				"east": {"uv": [0, 0, 5, 5], "texture": "#missing"},
				"south": {"uv": [11.5, 12.5, 12, 15], "texture": "#2"},
				"west": {"uv": [0, 0, 5, 5], "texture": "#missing"},
				"up": {"uv": [11.5, 12.5, 12, 15], "texture": "#2"},
				"down": {"uv": [11.5, 11.5, 12, 14], "texture": "#2"}
			}
		},
		{
			"from": [1, 0, 10],
			"to": [2, 5, 15],
			"rotation": {"angle": 0, "axis": "y", "origin": [0, -1, 0]},
			"faces": {
				"north": {"uv": [11.5, 13.5, 12, 16], "texture": "#2"},
				"east": {"uv": [0, 0, 5, 5], "texture": "#missing"},
				"south": {"uv": [11.5, 12.5, 12, 15], "texture": "#2"},
				"west": {"uv": [0, 0, 5, 5], "texture": "#missing"},
				"up": {"uv": [11.5, 12.5, 12, 15], "texture": "#2"},
				"down": {"uv": [11.5, 11.5, 12, 14], "texture": "#2"}
			}
		},
		{
			"from": [3, 4, 14],
			"to": [4, 20, 15],
			"rotation": {"angle": 22.5, "axis": "x", "origin": [3, 5, 14]},
			"faces": {
				"north": {"uv": [4.5, 0, 5, 8], "texture": "#2"},
				"east": {"uv": [4, 0, 4.5, 8], "texture": "#2"},
				"south": {"uv": [4.5, 0, 5, 8], "texture": "#2"},
				"west": {"uv": [4.5, 0, 4, 8], "texture": "#2"},
				"up": {"uv": [4.5, 0, 5, 0.5], "texture": "#2"},
				"down": {"uv": [4, 0, 4.5, 0.5], "texture": "#2"}
			}
		},
		{
			"from": [12, 4, 14],
			"to": [13, 20, 15],
			"rotation": {"angle": 22.5, "axis": "x", "origin": [3, 5, 14]},
			"faces": {
				"north": {"uv": [4, 0, 4.5, 8], "texture": "#2"},
				"east": {"uv": [4, 0, 4.5, 8], "texture": "#2"},
				"south": {"uv": [4, 0, 4.5, 8], "texture": "#2"},
				"west": {"uv": [4.5, 0, 4, 8], "texture": "#2"},
				"up": {"uv": [4.5, 0, 5, 0.5], "texture": "#2"},
				"down": {"uv": [4, 0, 4.5, 0.5], "texture": "#2"}
			}
		},
		{
			"from": [1, 20, 18],
			"to": [15, 21, 19],
			"rotation": {"angle": 22.5, "axis": "x", "origin": [3, 5, 14]},
			"faces": {
				"north": {"uv": [4.5, 0, 5, 7], "rotation": 90, "texture": "#2"},
				"east": {"uv": [0, 0, 1, 1], "texture": "#2"},
				"south": {"uv": [4.5, 1, 5, 8], "rotation": 90, "texture": "#2"},
				"west": {"uv": [0, 0, 0.5, 0.5], "texture": "#2"},
				"up": {"uv": [4.5, 0.5, 4, 7.5], "rotation": 90, "texture": "#2"},
				"down": {"uv": [4.5, 0, 5, 7], "rotation": 90, "texture": "#2"}
			}
		},
		{
			"from": [4, 13, 14],
			"to": [12, 17, 15],
			"rotation": {"angle": 22.5, "axis": "x", "origin": [3, 5, 14]},
			"faces": {
				"north": {"uv": [0, 0, 4, 2], "texture": "#2"},
				"east": {"uv": [0, 0, 0.5, 2], "texture": "#2"},
				"south": {"uv": [0, 0, 4, 2], "texture": "#2"},
				"west": {"uv": [0, 0, 0.5, 2], "texture": "#2"},
				"up": {"uv": [0, 0, 4, 0.5], "texture": "#2"},
				"down": {"uv": [0, 0, 4, 0.5], "texture": "#2"}
			}
		},
		{
			"from": [3, 18.59012, 19.07609],
			"to": [13, 19.59012, 23.07609],
			"rotation": {"angle": 22.5, "axis": "x", "origin": [5, 16, 19]},
			"faces": {
				"north": {"uv": [0, 0, 5, 0.5], "rotation": 180, "texture": "#2"},
				"east": {"uv": [1.5, 1.5, 2, 3.5], "rotation": 90, "texture": "#2"},
				"south": {"uv": [0, 0, 5, 0.5], "texture": "#2"},
				"west": {"uv": [4, 2.5, 4.5, 4.5], "rotation": 270, "texture": "#2"},
				"up": {"uv": [0, 1, 5, 3], "texture": "#2"},
				"down": {"uv": [0, 1.5, 5, 3.5], "rotation": 180, "texture": "#2"}
			}
		},
		{
			"from": [0, 4, 16],
			"to": [16, 4, 32],
			"faces": {
				"north": {"uv": [0, 0, 8, 0], "texture": "#missing"},
				"east": {"uv": [0, 0, 8, 0], "texture": "#missing"},
				"south": {"uv": [0, 0, 8, 0], "texture": "#missing"},
				"west": {"uv": [0, 0, 8, 0], "texture": "#missing"},
				"up": {"uv": [0, 0, 16, 16], "texture": "#3"},
				"down": {"uv": [0, 0, 8, 8], "texture": "#3"}
			}
		},
		{
			"from": [0, -2, 16],
			"to": [16, -2, 32],
			"rotation": {"angle": -22.5, "axis": "x", "origin": [0, 0, 0]},
			"faces": {
				"north": {"uv": [0, 0, 8, 0], "texture": "#missing"},
				"east": {"uv": [0, 0, 8, 0], "texture": "#missing"},
				"south": {"uv": [0, 0, 8, 0], "texture": "#missing"},
				"west": {"uv": [0, 0, 8, 0], "texture": "#missing"},
				"up": {"uv": [0, 0, 16, 16], "texture": "#3"},
				"down": {"uv": [0, 0, 8, 8], "texture": "#3"}
			}
		},
		{
			"from": [0, 11, 16],
			"to": [16, 11, 32],
			"rotation": {"angle": 22.5, "axis": "x", "origin": [0, 0, 0]},
			"faces": {
				"north": {"uv": [0, 0, 8, 0], "texture": "#missing"},
				"east": {"uv": [0, 0, 8, 0], "texture": "#missing"},
				"south": {"uv": [0, 0, 8, 0], "texture": "#missing"},
				"west": {"uv": [0, 0, 8, 0], "texture": "#missing"},
				"up": {"uv": [0, 0, 16, 16], "texture": "#3"},
				"down": {"uv": [0, 0, 8, 8], "texture": "#3"}
			}
		},
		{
			"from": [0.99, -11, 0],
			"to": [0.99, 5, 16],
			"faces": {
				"north": {"uv": [0, 0, 0, 8], "texture": "#missing"},
				"east": {"uv": [0, 0, 16, 16], "texture": "#5"},
				"south": {"uv": [0, 0, 0, 8], "texture": "#missing"},
				"west": {"uv": [0, 0, 16, 16], "texture": "#4"},
				"up": {"uv": [0, 0, 0, 8], "texture": "#missing"},
				"down": {"uv": [0, 0, 0, 8], "texture": "#missing"}
			}
		},
		{
			"from": [15.01, -11, 0],
			"to": [15.01, 5, 16],
			"faces": {
				"north": {"uv": [0, 0, 0, 8], "texture": "#missing"},
				"east": {"uv": [0, 0, 16, 16], "texture": "#5"},
				"south": {"uv": [0, 0, 0, 8], "texture": "#missing"},
				"west": {"uv": [0, 0, 16, 16], "texture": "#4"},
				"up": {"uv": [0, 0, 0, 8], "texture": "#missing"},
				"down": {"uv": [0, 0, 0, 8], "texture": "#missing"}
			}
		}
	],
	"display": {
		"thirdperson_righthand": {
			"rotation": [68, 0, 0],
			"translation": [-5.5, 11.75, -10.75]
		},
		"thirdperson_lefthand": {
			"rotation": [68, 0, 0],
			"translation": [-5.5, 11.75, -10.75]
		},
		"firstperson_righthand": {
			"translation": [-8.75, 1.5, 1.25]
		},
		"firstperson_lefthand": {
			"translation": [5.75, -3.5, -8.75]
		},
		"ground": {
			"translation": [0, 9.25, 0],
			"scale": [1.5, 1.5, 1.5]
		},
		"gui": {
			"rotation": [-169.94, 66.36, -156.65],
			"translation": [-2.5, -1, 0],
			"scale": [0.7, 0.7, 0.7]
		},
		"head": {
			"translation": [0, 14, 0]
		},
		"fixed": {
			"rotation": [-90, 0, 0],
			"translation": [0, 0, -18],
			"scale": [2.5, 2.5, 2.5]
		}
	}
}