{
	"credit": "Made with Blockbench",
	"textures": {
		"0": "block/1KerstPumpkinpng",
		"1": "block/1KerstPumpkinRood",
		"particle": "block/1KerstPumpkinpng"
	},
	 "display": { "gui": {
            "rotation": [ -45, -45, -45 ],
            "translation": [ 1, -4, 0 ],
            "scale": [ 0.6, 0.6, 0.6 ]
        },
		"thirdperson_righthand": {
            "rotation": [ 60, 0, 0 ],
            "translation": [ 0, 0, 0 ],
            "scale": [ 0.4, 0.4, 0.4 ]
		},
		"thirdperson_lefthand": {
            "rotation": [ 240, 0, 0 ],
            "translation": [ 0, 0, 5 ],
            "scale": [ 1, 1, 1 ]
		},
		"firstperson_lefthand": {
            "rotation": [ 180, 0, 0 ],
            "translation": [ 0, 0, 5 ],
            "scale": [ 1, 1, 1 ]
		}
	},
	"elements": [
		{
			"from": [0, 8, 9],
			"to": [16, 24, 12],
			"rotation": {"angle": -45, "axis": "x", "origin": [10, 12, 18]},
			"faces": {
				"north": {"uv": [0, 0, 16, 16], "rotation": 180, "texture": "#0"},
				"east": {"uv": [0, 0, 16, 3], "rotation": 270, "texture": "#0"},
				"south": {"uv": [0, 0, 16, 16], "texture": "#0"},
				"west": {"uv": [0, 0, 16, 3], "rotation": 90, "texture": "#0"},
				"up": {"uv": [0, 0, 16, 3], "rotation": 180, "texture": "#0"},
				"down": {"uv": [0, 0, 16, 3], "texture": "#0"}
			}
		},
		{
			"from": [1, 9, 12],
			"to": [15, 23, 17],
			"rotation": {"angle": -45, "axis": "x", "origin": [10, 12, 18]},
			"faces": {
				"north": {"uv": [0, 0, 14, 14], "rotation": 180, "texture": "#1"},
				"east": {"uv": [0, 0, 14, 5], "rotation": 270, "texture": "#1"},
				"south": {"uv": [0, 0, 14, 14], "texture": "#1"},
				"west": {"uv": [0, 0, 14, 5], "rotation": 90, "texture": "#1"},
				"up": {"uv": [0, 0, 14, 5], "rotation": 180, "texture": "#1"},
				"down": {"uv": [0, 0, 14, 5], "texture": "#1"}
			}
		},
		{
			"from": [2, 10, 13],
			"to": [14, 21, 19],
			"rotation": {"angle": -22.5, "axis": "x", "origin": [10, 12, 18]},
			"faces": {
				"north": {"uv": [0, 0, 12, 11], "rotation": 180, "texture": "#1"},
				"east": {"uv": [0, 0, 11, 6], "rotation": 270, "texture": "#1"},
				"south": {"uv": [0, 0, 12, 11], "texture": "#1"},
				"west": {"uv": [0, 0, 11, 6], "rotation": 90, "texture": "#1"},
				"up": {"uv": [0, 0, 12, 6], "rotation": 180, "texture": "#1"},
				"down": {"uv": [0, 0, 12, 6], "texture": "#1"}
			}
		},
		{
			"from": [4, 11, 15],
			"to": [12, 19, 21],
			"rotation": {"angle": 0, "axis": "x", "origin": [10, 16, 26]},
			"faces": {
				"north": {"uv": [0, 0, 8, 8], "rotation": 180, "texture": "#1"},
				"east": {"uv": [0, 0, 8, 6], "rotation": 270, "texture": "#1"},
				"south": {"uv": [0, 0, 8, 8], "texture": "#1"},
				"west": {"uv": [0, 0, 8, 6], "rotation": 90, "texture": "#1"},
				"up": {"uv": [0, 0, 8, 6], "rotation": 180, "texture": "#1"},
				"down": {"uv": [0, 0, 8, 6], "texture": "#1"}
			}
		},
		{
			"from": [6, 11, 20],
			"to": [10, 15, 26],
			"rotation": {"angle": 22.5, "axis": "x", "origin": [10, 16, 26]},
			"faces": {
				"north": {"uv": [0, 0, 4, 4], "rotation": 180, "texture": "#1"},
				"east": {"uv": [0, 0, 4, 6], "rotation": 270, "texture": "#1"},
				"south": {"uv": [0, 0, 4, 4], "texture": "#1"},
				"west": {"uv": [0, 0, 4, 6], "rotation": 90, "texture": "#1"},
				"up": {"uv": [0, 0, 4, 6], "rotation": 180, "texture": "#1"},
				"down": {"uv": [0, 0, 4, 6], "texture": "#1"}
			}
		},
		{
			"from": [7, 13, 22],
			"to": [9, 15, 24],
			"rotation": {"angle": -45, "axis": "x", "origin": [10, 16, 26]},
			"faces": {
				"north": {"uv": [0, 0, 2, 2], "rotation": 180, "texture": "#1"},
				"east": {"uv": [0, 0, 2, 2], "rotation": 180, "texture": "#1"},
				"south": {"uv": [0, 0, 2, 2], "rotation": 180, "texture": "#1"},
				"west": {"uv": [0, 0, 2, 2], "rotation": 180, "texture": "#1"},
				"up": {"uv": [0, 0, 2, 2], "texture": "#1"},
				"down": {"uv": [0, 0, 2, 2], "texture": "#1"}
			}
		},
		{
			"from": [7, 11, 21],
			"to": [9, 13, 25],
			"rotation": {"angle": -45, "axis": "x", "origin": [10, 16, 26]},
			"faces": {
				"north": {"uv": [0, 0, 2, 2], "rotation": 180, "texture": "#0"},
				"east": {"uv": [0, 0, 4, 2], "rotation": 180, "texture": "#0"},
				"south": {"uv": [0, 0, 2, 2], "rotation": 180, "texture": "#0"},
				"west": {"uv": [0, 0, 4, 2], "rotation": 180, "texture": "#0"},
				"up": {"uv": [0, 0, 2, 4], "texture": "#0"},
				"down": {"uv": [0, 0, 2, 4], "texture": "#0"}
			}
		},
		{
			"from": [7, 10, 22],
			"to": [9, 11, 24],
			"rotation": {"angle": -45, "axis": "x", "origin": [10, 16, 26]},
			"faces": {
				"north": {"uv": [0, 0, 2, 1], "rotation": 180, "texture": "#0"},
				"east": {"uv": [0, 0, 2, 1], "rotation": 180, "texture": "#0"},
				"south": {"uv": [0, 0, 2, 1], "rotation": 180, "texture": "#0"},
				"west": {"uv": [0, 0, 2, 1], "rotation": 180, "texture": "#0"},
				"up": {"uv": [0, 0, 2, 2], "texture": "#0"},
				"down": {"uv": [0, 0, 2, 2], "texture": "#0"}
			}
		},
		{
			"from": [6, 11, 22],
			"to": [10, 13, 24],
			"rotation": {"angle": -45, "axis": "x", "origin": [10, 16, 26]},
			"faces": {
				"north": {"uv": [0, 0, 4, 2], "rotation": 180, "texture": "#0"},
				"east": {"uv": [0, 0, 2, 2], "rotation": 180, "texture": "#0"},
				"south": {"uv": [0, 0, 4, 2], "rotation": 180, "texture": "#0"},
				"west": {"uv": [0, 0, 2, 2], "rotation": 180, "texture": "#0"},
				"up": {"uv": [0, 0, 4, 2], "texture": "#0"},
				"down": {"uv": [0, 0, 4, 2], "texture": "#0"}
			}
		}
	]
}