{
	"credit": "Made with Blockbench",
	"textures": {
		"0": "item/gear/knife",
		"particle": "item/gear/knife"
	},
	"elements": [
		{
			"from": [7, 0, 7],
			"to": [10, 8, 9],
			"faces": {
				"north": {"uv": [1, 0, 4, 8], "texture": "#0"},
				"east": {"uv": [9, 0, 11, 8], "texture": "#0"},
				"south": {"uv": [4, 0, 7, 8], "texture": "#0"},
				"west": {"uv": [7, 0, 9, 8], "texture": "#0"},
				"up": {"uv": [4, 0, 7, 2], "texture": "#0"},
				"down": {"uv": [2, 6, 5, 8], "texture": "#0"}
			}
		},
		{
			"from": [10, 0, 7],
			"to": [11, 2, 9],
			"faces": {
				"north": {"uv": [0, 6, 1, 8], "texture": "#0"},
				"east": {"uv": [1, 6, 3, 8], "texture": "#0"},
				"south": {"uv": [0, 6, 1, 8], "texture": "#0"},
				"west": {"uv": [0, 3, 2, 5], "texture": "#0"},
				"up": {"uv": [6, 4, 7, 6], "texture": "#0"},
				"down": {"uv": [0, 0, 1, 2], "texture": "#0"}
			}
		},
		{
			"from": [6, 6, 7],
			"to": [7, 8, 9],
			"faces": {
				"north": {"uv": [0, 0, 1, 2], "texture": "#0"},
				"east": {"uv": [0, 0, 2, 2], "texture": "#0"},
				"south": {"uv": [0, 6, 1, 8], "texture": "#0"},
				"west": {"uv": [3, 4, 5, 6], "texture": "#0"},
				"up": {"uv": [2, 3, 3, 5], "texture": "#0"},
				"down": {"uv": [0, 0, 1, 2], "texture": "#0"}
			}
		},
		{
			"from": [5, 8, 8],
			"to": [10, 23, 8],
			"faces": {
				"north": {"uv": [11, 1, 16, 16], "texture": "#0"},
				"east": {"uv": [0, 0, 0, 15], "texture": "#0"},
				"south": {"uv": [16, 1, 11, 16], "texture": "#0"},
				"west": {"uv": [0, 0, 0, 15], "texture": "#0"},
				"up": {"uv": [0, 0, 5, 0], "texture": "#0"},
				"down": {"uv": [0, 0, 5, 0], "texture": "#0"}
			}
		}
	],
	"display": {
		"thirdperson_righthand": {
			"rotation": [0, -90, 0],
			"translation": [0, 0.75, 1.5],
			"scale": [0.8, 0.8, 0.8]
		},
		"thirdperson_lefthand": {
			"rotation": [0, 90, 0],
			"translation": [0, 0.75, 1.5],
			"scale": [0.8, 0.8, 0.8]
		},
		"firstperson_righthand": {
			"rotation": [-31, -97, 0],
			"translation": [2, 2, 1.5],
			"scale": [0.5, 0.5, 0.5]
		},
		"firstperson_lefthand": {
			"rotation": [-31, 93, 0],
			"translation": [2, 2, 1.5],
			"scale": [0.5, 0.5, 0.5]
		},
		"ground": {
			"rotation": [73, 32, 0],
			"translation": [0, 0, -2.5],
			"scale": [0.8, 0.8, 0.8]
		},
		"gui": {
			"rotation": [-25, 180, 46],
			"translation": [-0.75, -2, 0],
			"scale": [0.8, 0.8, 0.8]
		},
		"head": {
			"rotation": [-54, -90, 0],
			"translation": [0, 5.25, -9]
		},
		"fixed": {
			"translation": [0, -3, 0]
		}
	}
}