{
	"credit": "Made with Blockbench",
	"textures": {
		"0": "item/gear/wrench",
		"particle": "item/gear/wrench"
	},
	"display": { "gui": {
            "rotation": [ 0, 135, 135 ],
            "translation": [ 4, -6, 0 ],
            "scale": [ 1.2, 1.2, 1.2 ]
        },
		"thirdperson_righthand": {
            "rotation": [ 90, 90, 0 ],
            "translation": [ 0, 0, 10 ],
            "scale": [ 1, 1, 1 ]
		},
		"thirdperson_lefthand": {
            "rotation": [ 240, 0, 0 ],
            "translation": [ 0, 0, 5 ],
            "scale": [ 1, 1, 1 ]
		},
		"firstperson_lefthand": {
            "rotation": [ 180, 90, 110],
            "translation": [ 3, 5, -11 ],
            "scale": [ 1.1, 1.1, 1.1 ]
		},
		"firstperson_righthand": {
            "rotation": [ 0, 90, 110],
            "translation": [ 3, 0, 5 ],
            "scale": [ 1.2, 1.2, 1.2 ]
		}
	},
	"elements": [
		{
			"from": [2, 0, 7],
			"to": [11, 2.01, 9],
			"rotation": {"angle": 0, "axis": "y", "origin": [9, 8, 15]},
			"faces": {
				"north": {"uv": [0, 0, 5, 1], "texture": "#0"},
				"east": {"uv": [0, 0, 5, 1], "texture": "#0"},
				"south": {"uv": [0, 1, 5, 2], "texture": "#0"},
				"west": {"uv": [0, 3, 5, 4], "texture": "#0"},
				"up": {"uv": [0, 2, 5, 3], "texture": "#0"},
				"down": {"uv": [0, 2, 5, 3], "texture": "#0"}
			}
		},
		{
			"from": [9, 0.001, 10],
			"to": [13, 2.001, 11],
			"rotation": {"angle": -22.5, "axis": "y", "origin": [14, 1, 11]},
			"faces": {
				"north": {"uv": [0, 0, 4, 2], "texture": "#0"},
				"east": {"uv": [0, 0, 0.5, 1.25], "texture": "#0"},
				"south": {"uv": [0, 3, 2, 4], "texture": "#0"},
				"west": {"uv": [0, 0, 1, 2], "texture": "#0"},
				"up": {"uv": [5.25, 5.25, 7.25, 5.75], "texture": "#0"},
				"down": {"uv": [1.25, 1, 2.75, 1.5], "texture": "#0"}
			}
		},
		{
			"from": [15, -0.01, 2],
			"to": [18, 2.01, 3],
			"rotation": {"angle": 45, "axis": "y", "origin": [23, 8, 9]},
			"faces": {
				"north": {"uv": [2, 1.25, 2.25, 1.5], "texture": "#0"},
				"east": {"uv": [0, 0, 0.5, 1], "texture": "#0"},
				"south": {"uv": [0, 3, 1.5, 4], "texture": "#0"},
				"west": {"uv": [0, 0, 1, 2], "texture": "#0"},
				"up": {"uv": [2.25, 5.75, 3.75, 6.25], "texture": "#0"},
				"down": {"uv": [5.75, 4.25, 7.5, 4.75], "texture": "#0"}
			}
		},
		{
			"from": [11, 0, 8],
			"to": [14, 2, 9],
			"rotation": {"angle": 0, "axis": "y", "origin": [19, 8, 16]},
			"faces": {
				"north": {"uv": [0, 0, 1.5, 0.75], "texture": "#0"},
				"east": {"uv": [0, 0, 1, 2], "texture": "#0"},
				"south": {"uv": [0, 0, 3, 2], "texture": "#0"},
				"west": {"uv": [0, 0, 1, 2], "texture": "#0"},
				"up": {"uv": [5.25, 4.25, 7.25, 4.75], "texture": "#0"},
				"down": {"uv": [1.25, 0.75, 2.75, 1.25], "texture": "#0"}
			}
		},
		{
			"from": [11, 0.01, 9],
			"to": [13, 1.99, 9.5],
			"rotation": {"angle": 0, "axis": "y", "origin": [19, 9, 17]},
			"faces": {
				"north": {"uv": [0, 0, 2, 1], "texture": "#0"},
				"east": {"uv": [0, 0, 1, 1], "texture": "#0"},
				"south": {"uv": [0, 0, 2, 1], "texture": "#0"},
				"west": {"uv": [0, 0, 1, 1], "texture": "#0"},
				"up": {"uv": [2.5, 1.75, 3.5, 2.25], "texture": "#0"},
				"down": {"uv": [3.5, 1.75, 4.25, 2.25], "texture": "#0"}
			}
		},
		{
			"from": [4, 0.5, 9],
			"to": [5, 1.5, 12],
			"rotation": {"angle": -45, "axis": "y", "origin": [12, 8, 16]},
			"faces": {
				"north": {"uv": [0, 0, 1, 2], "texture": "#0"},
				"east": {"uv": [0, 0, 3, 2], "texture": "#0"},
				"south": {"uv": [0, 0, 1, 2], "texture": "#0"},
				"west": {"uv": [6.5, 2.5, 8, 3], "texture": "#0"},
				"up": {"uv": [6.5, 2, 7, 3.5], "texture": "#0"},
				"down": {"uv": [9.25, 2, 9.75, 3.25], "texture": "#0"}
			}
		},
		{
			"from": [11, 0, 5],
			"to": [12, 2, 8],
			"rotation": {"angle": 0, "axis": "y", "origin": [19, 8, 14]},
			"faces": {
				"north": {"uv": [5.25, 3, 5.75, 4], "texture": "#0"},
				"east": {"uv": [7.75, 0, 9.25, 1], "texture": "#0"},
				"south": {"uv": [0, 0, 1, 2], "texture": "#0"},
				"west": {"uv": [2.75, 0.25, 4.25, 1.25], "texture": "#0"},
				"up": {"uv": [4.5, 0.75, 5, 2.25], "texture": "#0"},
				"down": {"uv": [4.5, 0.75, 5, 2.25], "texture": "#0"}
			}
		},
		{
			"from": [12, 0.5, 6],
			"to": [14, 1.5, 7],
			"rotation": {"angle": 0, "axis": "y", "origin": [20, 8, 13]},
			"faces": {
				"north": {"uv": [6.5, 3.5, 7.5, 4], "texture": "#0"},
				"east": {"uv": [6.5, 3.5, 7, 4], "texture": "#0"},
				"south": {"uv": [7, 2.5, 8, 3], "texture": "#0"},
				"west": {"uv": [0, 0, 1, 2], "texture": "#0"},
				"up": {"uv": [8.5, 2.25, 9.5, 2.75], "texture": "#0"},
				"down": {"uv": [6.75, 2.5, 7.75, 3], "texture": "#0"}
			}
		},
		{
			"from": [-1, -0.5, 7.2],
			"to": [1, 2.5, 9.2],
			"rotation": {"angle": -45, "axis": "y", "origin": [1, 3, 10]},
			"faces": {
				"north": {"uv": [8, 0, 9, 1.5], "texture": "#0"},
				"east": {"uv": [7.5, 0, 8.5, 1.5], "texture": "#0"},
				"south": {"uv": [8.5, 0, 9.5, 1.5], "texture": "#0"},
				"west": {"uv": [7.5, 0, 8.5, 1.5], "texture": "#0"},
				"up": {"uv": [6.5, 0, 7.5, 1], "rotation": 90, "texture": "#0"},
				"down": {"uv": [6.5, 0, 7.5, 1], "rotation": 270, "texture": "#0"}
			}
		}
	]
}